Datetime,open,high,low,close,volume
2024-11-22 09:00:00+09:00,56000.0,56500.0,55900.0,56400.0,0
2024-11-22 10:00:00+09:00,56400.0,56700.0,56300.0,56500.0,2146889
2024-11-22 11:00:00+09:00,56500.0,56500.0,56200.0,56400.0,1442123
2024-11-22 12:00:00+09:00,56400.0,56600.0,56300.0,56400.0,1699362
2024-11-22 13:00:00+09:00,56500.0,56600.0,56300.0,56300.0,1634059
2024-11-22 14:00:00+09:00,56300.0,56400.0,56100.0,56200.0,1784182
2024-11-25 09:00:00+09:00,57400.0,57700.0,56700.0,57200.0,0
2024-11-25 10:00:00+09:00,57200.0,57600.0,57100.0,57400.0,3621494
2024-11-25 11:00:00+09:00,57400.0,57700.0,57400.0,57700.0,2036372
2024-11-25 12:00:00+09:00,57600.0,57700.0,57500.0,57600.0,1909230
2024-11-25 13:00:00+09:00,57500.0,57600.0,57300.0,57500.0,2310167
2024-11-25 14:00:00+09:00,57400.0,57600.0,57100.0,57300.0,2555478
2024-11-26 09:00:00+09:00,57900.0,58900.0,57500.0,58400.0,9761405
2024-11-26 10:00:00+09:00,58300.0,58500.0,57900.0,58200.0,2882165
2024-11-26 11:00:00+09:00,58100.0,58200.0,57800.0,58000.0,2712296
2024-11-26 12:00:00+09:00,58100.0,58300.0,58000.0,58100.0,1796535
2024-11-26 13:00:00+09:00,58100.0,58300.0,58000.0,58200.0,1358126
2024-11-26 14:00:00+09:00,58200.0,58400.0,58100.0,58200.0,1879470
2024-11-27 09:00:00+09:00,57700.0,57800.0,56600.0,57000.0,7239560
2024-11-27 10:00:00+09:00,57000.0,57200.0,56700.0,56700.0,2705974
2024-11-27 11:00:00+09:00,56800.0,56900.0,56600.0,56700.0,2280496
2024-11-27 12:00:00+09:00,56700.0,56800.0,56400.0,56600.0,2297865
2024-11-27 13:00:00+09:00,56500.0,56600.0,56200.0,56300.0,2328815
2024-11-27 14:00:00+09:00,56300.0,56300.0,56000.0,56200.0,2858826
2024-11-28 09:00:00+09:00,56000.0,56400.0,55700.0,56000.0,5524566
2024-11-28 10:00:00+09:00,56000.0,56300.0,55500.0,55600.0,3174807
2024-11-28 11:00:00+09:00,55500.0,56000.0,55200.0,55900.0,3425440
2024-11-28 12:00:00+09:00,56000.0,56000.0,55400.0,55700.0,1556046
2024-11-28 13:00:00+09:00,55600.0,55800.0,55400.0,55700.0,2366651
2024-11-28 14:00:00+09:00,55700.0,55700.0,55400.0,55500.0,1793634
2024-11-29 09:00:00+09:00,55100.0,55300.0,54000.0,54100.0,6964350
2024-11-29 10:00:00+09:00,54100.0,54400.0,53800.0,54100.0,3533664
2024-11-29 11:00:00+09:00,54100.0,54300.0,54000.0,54200.0,1893843
2024-11-29 12:00:00+09:00,54100.0,54400.0,54100.0,54200.0,1373201
2024-11-29 13:00:00+09:00,54200.0,54800.0,54200.0,54600.0,2658559
2024-11-29 14:00:00+09:00,54500.0,54600.0,54000.0,54000.0,2591288
2024-12-02 09:00:00+09:00,54300.0,54400.0,53100.0,53400.0,0
2024-12-02 10:00:00+09:00,53300.0,53900.0,53300.0,53700.0,3313997
2024-12-02 11:00:00+09:00,53600.0,53800.0,53500.0,53500.0,1400173
2024-12-02 12:00:00+09:00,53500.0,53600.0,53200.0,53300.0,2026497
2024-12-02 13:00:00+09:00,53300.0,54400.0,53300.0,54100.0,2840326
2024-12-02 14:00:00+09:00,54000.0,54200.0,53800.0,54000.0,2052422
2024-12-03 09:00:00+09:00,53100.0,54400.0,53100.0,53800.0,8403885
2024-12-03 10:00:00+09:00,53700.0,54200.0,53700.0,54000.0,2184325
2024-12-03 11:00:00+09:00,54000.0,54300.0,53800.0,53900.0,2449335
2024-12-03 12:00:00+09:00,53800.0,54200.0,53800.0,54100.0,1629350
2024-12-03 13:00:00+09:00,54100.0,54300.0,53800.0,53900.0,2130820
2024-12-03 14:00:00+09:00,53800.0,53900.0,53600.0,53600.0,2769178
2024-12-04 09:00:00+09:00,52000.0,53400.0,52000.0,52800.0,10752564
2024-12-04 10:00:00+09:00,52800.0,53300.0,52700.0,52900.0,5705389
2024-12-04 11:00:00+09:00,52800.0,53200.0,52800.0,53200.0,2466852
2024-12-04 12:00:00+09:00,53100.0,53200.0,52900.0,52900.0,1899583
2024-12-04 13:00:00+09:00,52900.0,53100.0,52900.0,53000.0,1369286
2024-12-04 14:00:00+09:00,53000.0,53000.0,52700.0,52900.0,2251653
2024-12-05 09:00:00+09:00,53200.0,54400.0,53200.0,54100.0,9513819
2024-12-05 10:00:00+09:00,54200.0,54200.0,53700.0,53800.0,2972674
2024-12-05 11:00:00+09:00,53700.0,54200.0,53700.0,54000.0,2474856
2024-12-05 12:00:00+09:00,53900.0,54100.0,53900.0,54100.0,953288
2024-12-05 13:00:00+09:00,54100.0,54100.0,53800.0,53900.0,1766457
2024-12-05 14:00:00+09:00,54000.0,54100.0,53500.0,53700.0,3081714
2024-12-06 09:00:00+09:00,53900.0,54400.0,53800.0,54000.0,5371088
2024-12-06 10:00:00+09:00,54100.0,54100.0,52700.0,53500.0,5718539
2024-12-06 11:00:00+09:00,53400.0,54000.0,53300.0,54000.0,2174257
2024-12-06 12:00:00+09:00,54000.0,54100.0,53900.0,54000.0,1648763
2024-12-06 13:00:00+09:00,54000.0,54100.0,53800.0,54000.0,2263288
2024-12-06 14:00:00+09:00,54000.0,54300.0,53900.0,54100.0,2915940
2024-12-09 09:00:00+09:00,53500.0,54400.0,53300.0,54300.0,0
2024-12-09 10:00:00+09:00,54300.0,54600.0,54100.0,54100.0,3346826
2024-12-09 11:00:00+09:00,54200.0,54300.0,53600.0,53800.0,2974556
2024-12-09 12:00:00+09:00,53800.0,53900.0,53600.0,53700.0,1500902
2024-12-09 13:00:00+09:00,53700.0,53900.0,53500.0,53500.0,2348189
2024-12-09 14:00:00+09:00,53500.0,53700.0,53400.0,53400.0,2946830
2024-12-10 09:00:00+09:00,54500.0,54500.0,53700.0,53900.0,7310062
2024-12-10 10:00:00+09:00,53800.0,54100.0,53800.0,54000.0,2666908
2024-12-10 11:00:00+09:00,54000.0,54000.0,53800.0,53900.0,1491532
2024-12-10 12:00:00+09:00,53900.0,53900.0,53700.0,53900.0,1633162
2024-12-10 13:00:00+09:00,53900.0,54100.0,53800.0,53900.0,2205055
2024-12-10 14:00:00+09:00,53900.0,54100.0,53900.0,53900.0,2244091
2024-12-11 09:00:00+09:00,53600.0,54200.0,53400.0,54200.0,3678579
2024-12-11 10:00:00+09:00,54200.0,54200.0,53800.0,54000.0,2393733
2024-12-11 11:00:00+09:00,54000.0,54000.0,53600.0,53900.0,2265233
2024-12-11 12:00:00+09:00,53900.0,54100.0,53800.0,54000.0,1420787
2024-12-11 13:00:00+09:00,53900.0,54100.0,53900.0,54100.0,1173427
2024-12-11 14:00:00+09:00,54100.0,54100.0,53800.0,54000.0,2001254
2024-12-12 09:00:00+09:00,54000.0,54600.0,53900.0,54200.0,4754834
2024-12-12 10:00:00+09:00,54300.0,54400.0,54100.0,54400.0,1901851
2024-12-12 11:00:00+09:00,54400.0,54400.0,54200.0,54200.0,1593409
2024-12-12 12:00:00+09:00,54200.0,54800.0,54200.0,54700.0,2504779
2024-12-12 13:00:00+09:00,54700.0,55800.0,54600.0,55700.0,5130854
2024-12-12 14:00:00+09:00,55800.0,56500.0,55600.0,56000.0,6271577
2024-12-13 09:00:00+09:00,55800.0,56300.0,55500.0,55600.0,5282039
2024-12-13 10:00:00+09:00,55700.0,56000.0,55500.0,55800.0,1760217
2024-12-13 11:00:00+09:00,55800.0,56200.0,55800.0,56000.0,1751576
2024-12-13 12:00:00+09:00,55900.0,56100.0,55800.0,56000.0,1528891
2024-12-13 13:00:00+09:00,56100.0,56300.0,55900.0,56300.0,1939756
2024-12-13 14:00:00+09:00,56300.0,56300.0,56000.0,56200.0,1910304
2024-12-16 09:00:00+09:00,56300.0,56600.0,56100.0,56300.0,0
2024-12-16 10:00:00+09:00,56300.0,56400.0,55800.0,56000.0,2624548
2024-12-16 11:00:00+09:00,56000.0,56100.0,55800.0,55900.0,1236145
2024-12-16 12:00:00+09:00,55900.0,55900.0,55600.0,55700.0,1160661
2024-12-16 13:00:00+09:00,55700.0,55800.0,55500.0,55600.0,1647588
2024-12-16 14:00:00+09:00,55500.0,55600.0,55200.0,55300.0,2393251
2024-12-17 09:00:00+09:00,54700.0,55200.0,54500.0,54700.0,5484964
2024-12-17 10:00:00+09:00,54600.0,54700.0,54300.0,54400.0,2492519
2024-12-17 11:00:00+09:00,54400.0,54500.0,54300.0,54300.0,1336727
2024-12-17 12:00:00+09:00,54400.0,54400.0,54100.0,54200.0,1533057
2024-12-17 13:00:00+09:00,54200.0,54400.0,54000.0,54300.0,3683674
2024-12-17 14:00:00+09:00,54200.0,54500.0,54100.0,54400.0,2138834
2024-12-18 09:00:00+09:00,54100.0,55100.0,54000.0,54900.0,4354239
2024-12-18 10:00:00+09:00,54800.0,55200.0,54700.0,55000.0,1934395
2024-12-18 11:00:00+09:00,55000.0,55100.0,54900.0,55100.0,1097946
2024-12-18 12:00:00+09:00,55000.0,55100.0,54800.0,54800.0,1171172
2024-12-18 13:00:00+09:00,54800.0,55300.0,54800.0,55200.0,1768632
2024-12-18 14:00:00+09:00,55200.0,55400.0,55100.0,55300.0,1440569
2024-12-19 09:00:00+09:00,53500.0,53800.0,53400.0,53600.0,6733939
2024-12-19 10:00:00+09:00,53600.0,53600.0,53100.0,53300.0,4228603
2024-12-19 11:00:00+09:00,53200.0,53400.0,53200.0,53300.0,1725354
2024-12-19 12:00:00+09:00,53400.0,53400.0,53200.0,53300.0,1477107
2024-12-19 13:00:00+09:00,53200.0,53500.0,53200.0,53400.0,2668019
2024-12-19 14:00:00+09:00,53400.0,53400.0,53200.0,53300.0,2142732
2024-12-20 09:00:00+09:00,52700.0,53100.0,52100.0,52200.0,7363623
2024-12-20 10:00:00+09:00,52200.0,52300.0,52100.0,52100.0,2747237
2024-12-20 11:00:00+09:00,52100.0,52300.0,52100.0,52200.0,1629597
2024-12-20 12:00:00+09:00,52200.0,52300.0,52100.0,52300.0,1022371
2024-12-20 13:00:00+09:00,52200.0,52300.0,51900.0,52000.0,3627256
2024-12-20 14:00:00+09:00,52100.0,52500.0,52000.0,52400.0,3464390
2024-12-23 09:00:00+09:00,53400.0,53800.0,53300.0,53600.0,0
2024-12-23 10:00:00+09:00,53600.0,54000.0,53500.0,53800.0,2575568
2024-12-23 11:00:00+09:00,53800.0,53900.0,53600.0,53800.0,1183247
2024-12-23 12:00:00+09:00,53800.0,54000.0,53700.0,53900.0,1295774
2024-12-23 13:00:00+09:00,53900.0,54000.0,53700.0,53700.0,1399696
2024-12-23 14:00:00+09:00,53700.0,53900.0,53400.0,53500.0,1782159
2024-12-24 09:00:00+09:00,53700.0,53900.0,53600.0,53800.0,2397000
2024-12-24 10:00:00+09:00,53800.0,54400.0,53700.0,54300.0,2294341
2024-12-24 11:00:00+09:00,54200.0,54300.0,53900.0,54000.0,1066644
2024-12-24 12:00:00+09:00,54000.0,54300.0,53900.0,54200.0,1223801
2024-12-24 13:00:00+09:00,54200.0,54400.0,54100.0,54400.0,1546727
2024-12-24 14:00:00+09:00,54300.0,54500.0,54200.0,54300.0,1800675
2024-12-26 09:00:00+09:00,54500.0,54600.0,54000.0,54400.0,0
2024-12-26 10:00:00+09:00,54300.0,54400.0,54000.0,54000.0,1129905
2024-12-26 11:00:00+09:00,54100.0,54100.0,53800.0,54100.0,1269463
2024-12-26 12:00:00+09:00,54000.0,54200.0,54000.0,54000.0,736809
2024-12-26 13:00:00+09:00,54100.0,54200.0,53800.0,53800.0,1352183
2024-12-26 14:00:00+09:00,53800.0,53900.0,53700.0,53700.0,1870961
2024-12-27 09:00:00+09:00,53500.0,54100.0,53300.0,53400.0,2836384
2024-12-27 10:00:00+09:00,53500.0,53800.0,53400.0,53400.0,1393490
2024-12-27 11:00:00+09:00,53400.0,53500.0,53200.0,53400.0,1391407
2024-12-27 12:00:00+09:00,53300.0,53600.0,53300.0,53500.0,777486
2024-12-27 13:00:00+09:00,53500.0,53900.0,53400.0,53900.0,1510796
2024-12-27 14:00:00+09:00,53800.0,54000.0,53700.0,53800.0,1560373
2024-12-30 09:00:00+09:00,53300.0,54000.0,53100.0,53800.0,0
2024-12-30 10:00:00+09:00,53900.0,54000.0,53500.0,53700.0,1653835
2024-12-30 11:00:00+09:00,53600.0,53900.0,53500.0,53800.0,1244425
2024-12-30 12:00:00+09:00,53900.0,53900.0,53500.0,53700.0,970306
2024-12-30 13:00:00+09:00,53600.0,53700.0,53500.0,53600.0,773910
2024-12-30 14:00:00+09:00,53600.0,53700.0,53500.0,53500.0,1225687
2025-01-02 10:00:00+09:00,52700.0,53000.0,52300.0,52800.0,5006264
2025-01-02 11:00:00+09:00,52700.0,53000.0,52700.0,52900.0,1675996
2025-01-02 12:00:00+09:00,52900.0,52900.0,52500.0,52600.0,1563782
2025-01-02 13:00:00+09:00,52600.0,52800.0,52500.0,52600.0,1600245
2025-01-02 14:00:00+09:00,52600.0,53000.0,52500.0,53000.0,2894997
2025-01-03 09:00:00+09:00,52800.0,54300.0,52800.0,54200.0,6372959
2025-01-03 10:00:00+09:00,54300.0,54900.0,54100.0,54600.0,3858885
2025-01-03 11:00:00+09:00,54600.0,54700.0,54400.0,54600.0,1628034
2025-01-03 12:00:00+09:00,54600.0,54900.0,54600.0,54800.0,1119561
2025-01-03 13:00:00+09:00,54800.0,55100.0,54500.0,54800.0,3337255
2025-01-03 14:00:00+09:00,54700.0,54800.0,54500.0,54500.0,1557698
2025-01-06 09:00:00+09:00,54400.0,55100.0,54300.0,55000.0,0
2025-01-06 10:00:00+09:00,55000.0,56200.0,54900.0,56100.0,5641850
2025-01-06 11:00:00+09:00,56000.0,56100.0,55900.0,56000.0,1654623
2025-01-06 12:00:00+09:00,56000.0,56100.0,55800.0,55900.0,1472297
2025-01-06 13:00:00+09:00,55900.0,56100.0,55800.0,56000.0,2084797
2025-01-06 14:00:00+09:00,55900.0,56200.0,55900.0,56100.0,2010736
2025-01-07 09:00:00+09:00,56800.0,57300.0,56200.0,56600.0,6676802
2025-01-07 10:00:00+09:00,56600.0,56600.0,56300.0,56500.0,1702307
2025-01-07 11:00:00+09:00,56600.0,56600.0,56000.0,56100.0,1670255
2025-01-07 12:00:00+09:00,56000.0,56100.0,55500.0,55900.0,2279879
2025-01-07 13:00:00+09:00,55900.0,55900.0,55500.0,55500.0,1434195
2025-01-07 14:00:00+09:00,55600.0,55800.0,55500.0,55800.0,1677364
2025-01-08 09:00:00+09:00,54800.0,56500.0,54700.0,56000.0,6688982
2025-01-08 10:00:00+09:00,56000.0,57100.0,55800.0,56800.0,5005073
2025-01-08 11:00:00+09:00,56800.0,57200.0,56800.0,57200.0,3313524
2025-01-08 12:00:00+09:00,57200.0,57200.0,57000.0,57100.0,1759337
2025-01-08 13:00:00+09:00,57000.0,57200.0,57000.0,57100.0,2109842
2025-01-08 14:00:00+09:00,57100.0,57500.0,57100.0,57500.0,3699966
2025-01-09 09:00:00+09:00,57600.0,57700.0,56700.0,57000.0,7293290
2025-01-09 10:00:00+09:00,57000.0,57200.0,56800.0,57200.0,2035920
2025-01-09 11:00:00+09:00,57200.0,57300.0,57000.0,57100.0,1222692
2025-01-09 12:00:00+09:00,57100.0,57300.0,56800.0,56900.0,2123846
2025-01-09 13:00:00+09:00,56900.0,57000.0,56100.0,56500.0,4195338
2025-01-09 14:00:00+09:00,56500.0,56900.0,56400.0,56700.0,1941764
2025-01-10 09:00:00+09:00,56100.0,56500.0,55300.0,55500.0,6272137
2025-01-10 10:00:00+09:00,55500.0,55700.0,55300.0,55400.0,2496221
2025-01-10 11:00:00+09:00,55300.0,55600.0,55200.0,55500.0,1333791
2025-01-10 12:00:00+09:00,55500.0,55800.0,55400.0,55600.0,1037686
2025-01-10 13:00:00+09:00,55700.0,55700.0,55500.0,55500.0,1307559
2025-01-10 14:00:00+09:00,55500.0,55800.0,55500.0,55800.0,1415325
2025-01-13 09:00:00+09:00,54600.0,55000.0,54500.0,54600.0,0
2025-01-13 10:00:00+09:00,54600.0,54600.0,54200.0,54200.0,2163140
2025-01-13 11:00:00+09:00,54200.0,54600.0,54200.0,54400.0,1891951
2025-01-13 12:00:00+09:00,54400.0,54500.0,54200.0,54300.0,1048938
2025-01-13 13:00:00+09:00,54300.0,54400.0,54200.0,54200.0,1294497
2025-01-13 14:00:00+09:00,54200.0,54300.0,54100.0,54200.0,2005447
2025-01-14 09:00:00+09:00,54200.0,54600.0,53900.0,54100.0,5168494
2025-01-14 10:00:00+09:00,54000.0,54300.0,53700.0,53900.0,3487784
2025-01-14 11:00:00+09:00,53800.0,54100.0,53800.0,54100.0,973060
2025-01-14 12:00:00+09:00,54000.0,54200.0,54000.0,54100.0,1113748
2025-01-14 13:00:00+09:00,54200.0,54300.0,54000.0,54300.0,1843571
2025-01-14 14:00:00+09:00,54200.0,54300.0,54000.0,54100.0,1600426
2025-01-15 09:00:00+09:00,54100.0,54700.0,53900.0,54100.0,6181526
2025-01-15 10:00:00+09:00,54000.0,54200.0,53900.0,54000.0,2312457
2025-01-15 11:00:00+09:00,54000.0,54000.0,53800.0,53900.0,1631016
2025-01-15 12:00:00+09:00,53900.0,54000.0,53800.0,54000.0,1297529
2025-01-15 13:00:00+09:00,54000.0,54000.0,53800.0,53900.0,1353354
2025-01-15 14:00:00+09:00,53800.0,53900.0,53500.0,53700.0,3772436
2025-01-16 09:00:00+09:00,54200.0,55000.0,54100.0,54600.0,7510450
2025-01-16 10:00:00+09:00,54600.0,54900.0,54500.0,54900.0,1373053
2025-01-16 11:00:00+09:00,54900.0,54900.0,54600.0,54600.0,1513779
2025-01-16 12:00:00+09:00,54600.0,54800.0,54200.0,54300.0,2556287
2025-01-16 13:00:00+09:00,54200.0,54400.0,54100.0,54300.0,1722829
2025-01-16 14:00:00+09:00,54300.0,54500.0,54200.0,54300.0,1705336
2025-01-17 09:00:00+09:00,53800.0,54100.0,53500.0,53600.0,4821145
2025-01-17 10:00:00+09:00,53500.0,53700.0,53200.0,53400.0,4349933
2025-01-17 11:00:00+09:00,53400.0,53500.0,53300.0,53500.0,2063980
2025-01-17 12:00:00+09:00,53400.0,53600.0,53300.0,53500.0,1336014
2025-01-17 13:00:00+09:00,53600.0,53700.0,53400.0,53500.0,1775148
2025-01-17 14:00:00+09:00,53500.0,53600.0,53400.0,53600.0,1237759
2025-01-20 09:00:00+09:00,53600.0,53900.0,53300.0,53800.0,0
2025-01-20 10:00:00+09:00,53700.0,53800.0,53500.0,53600.0,1450186
2025-01-20 11:00:00+09:00,53600.0,53700.0,53400.0,53500.0,1062447
2025-01-20 12:00:00+09:00,53500.0,53600.0,53400.0,53500.0,939470
2025-01-20 13:00:00+09:00,53500.0,53600.0,53400.0,53500.0,1171227
2025-01-20 14:00:00+09:00,53500.0,53600.0,53400.0,53400.0,1489079
2025-01-21 09:00:00+09:00,53700.0,54300.0,53300.0,53300.0,5450060
2025-01-21 10:00:00+09:00,53400.0,53600.0,53300.0,53400.0,1820403
2025-01-21 11:00:00+09:00,53500.0,53700.0,53300.0,53600.0,1384770
2025-01-21 12:00:00+09:00,53600.0,54000.0,53500.0,53900.0,1361205
2025-01-21 13:00:00+09:00,53900.0,53900.0,53600.0,53600.0,894357
2025-01-21 14:00:00+09:00,53600.0,53800.0,53500.0,53500.0,1157756
2025-01-22 09:00:00+09:00,53400.0,53700.0,53100.0,53300.0,4662028
2025-01-22 10:00:00+09:00,53200.0,53500.0,53200.0,53300.0,1625359
2025-01-22 11:00:00+09:00,53200.0,53300.0,53100.0,53200.0,1924499
2025-01-22 12:00:00+09:00,53100.0,53500.0,53100.0,53400.0,1053044
2025-01-22 13:00:00+09:00,53400.0,54000.0,53300.0,53900.0,3097817
2025-01-22 14:00:00+09:00,53900.0,54400.0,53800.0,54400.0,3422701
2025-01-23 09:00:00+09:00,53700.0,53900.0,53500.0,53700.0,5028974
2025-01-23 10:00:00+09:00,53700.0,53900.0,53600.0,53800.0,1775032
2025-01-23 11:00:00+09:00,53800.0,53900.0,53700.0,53800.0,1085798
2025-01-23 12:00:00+09:00,53800.0,53800.0,53600.0,53700.0,1491694
2025-01-23 13:00:00+09:00,53800.0,53900.0,53600.0,53800.0,1743863
2025-01-23 14:00:00+09:00,53800.0,54100.0,53700.0,54000.0,1679699
2025-01-24 09:00:00+09:00,53600.0,53800.0,53200.0,53600.0,3456703
2025-01-24 10:00:00+09:00,53600.0,53700.0,53300.0,53300.0,2081508
2025-01-24 11:00:00+09:00,53300.0,53600.0,53300.0,53600.0,1125728
2025-01-24 12:00:00+09:00,53500.0,53700.0,53500.0,53700.0,827386
2025-01-24 13:00:00+09:00,53600.0,53700.0,53500.0,53600.0,1241718
2025-01-24 14:00:00+09:00,53500.0,53700.0,53500.0,53600.0,1005946
2025-01-31 09:00:00+09:00,52200.0,53000.0,51700.0,52700.0,8061718
2025-01-31 10:00:00+09:00,52700.0,52700.0,52300.0,52400.0,4683391
2025-01-31 11:00:00+09:00,52400.0,52400.0,52300.0,52300.0,1876204
2025-01-31 12:00:00+09:00,52300.0,52400.0,52000.0,52200.0,3931245
2025-01-31 13:00:00+09:00,52200.0,52400.0,52100.0,52400.0,2306611
2025-01-31 14:00:00+09:00,52400.0,52500.0,52300.0,52400.0,2638038
2025-02-03 09:00:00+09:00,51100.0,51400.0,50900.0,51000.0,0
2025-02-03 10:00:00+09:00,51000.0,51200.0,50900.0,51100.0,3689675
2025-02-03 11:00:00+09:00,51100.0,51200.0,51000.0,51100.0,2219225
2025-02-03 12:00:00+09:00,51000.0,51100.0,50800.0,50800.0,4197507
2025-02-03 13:00:00+09:00,50900.0,51000.0,50800.0,50900.0,3056949
2025-02-03 14:00:00+09:00,50900.0,51000.0,50800.0,50900.0,4596945
2025-02-04 09:00:00+09:00,51600.0,53500.0,51500.0,53300.0,12541094
2025-02-04 10:00:00+09:00,53300.0,53600.0,53000.0,53200.0,3869414
2025-02-04 11:00:00+09:00,53200.0,53300.0,53100.0,53200.0,1318496
2025-02-04 12:00:00+09:00,53200.0,53300.0,53000.0,53000.0,1115626
2025-02-04 13:00:00+09:00,53100.0,53100.0,52700.0,52900.0,2104265
2025-02-04 14:00:00+09:00,52800.0,52900.0,52200.0,52600.0,3829885
2025-02-05 09:00:00+09:00,53600.0,53800.0,52900.0,53200.0,6403196
2025-02-05 10:00:00+09:00,53200.0,53400.0,53100.0,53200.0,1774414
2025-02-05 11:00:00+09:00,53100.0,53300.0,53000.0,53200.0,949216
2025-02-05 12:00:00+09:00,53200.0,53300.0,53100.0,53200.0,1203684
2025-02-05 13:00:00+09:00,53100.0,53200.0,53000.0,53100.0,978980
2025-02-05 14:00:00+09:00,53000.0,53100.0,52800.0,52800.0,2092669
2025-02-06 09:00:00+09:00,53400.0,53800.0,53200.0,53300.0,5428761
2025-02-06 10:00:00+09:00,53300.0,53500.0,53200.0,53400.0,1245409
2025-02-06 11:00:00+09:00,53300.0,53500.0,53300.0,53400.0,1471934
2025-02-06 12:00:00+09:00,53300.0,53600.0,53300.0,53500.0,1324433
2025-02-06 13:00:00+09:00,53500.0,53700.0,53400.0,53600.0,1428194
2025-02-06 14:00:00+09:00,53500.0,53700.0,53400.0,53700.0,1604223
2025-02-07 09:00:00+09:00,53900.0,54200.0,53600.0,53900.0,4784356
2025-02-07 10:00:00+09:00,53800.0,54200.0,53700.0,54100.0,1578664
2025-02-07 11:00:00+09:00,54100.0,54200.0,53900.0,54100.0,1193437
2025-02-07 12:00:00+09:00,54100.0,54100.0,53700.0,53700.0,1219711
2025-02-07 13:00:00+09:00,53800.0,54000.0,53700.0,53900.0,1466433
2025-02-07 14:00:00+09:00,53800.0,54100.0,53800.0,53800.0,1947599
2025-02-10 09:00:00+09:00,53000.0,54000.0,52900.0,53900.0,0
2025-02-10 10:00:00+09:00,53800.0,54000.0,53600.0,53900.0,1645554
2025-02-10 11:00:00+09:00,53900.0,54200.0,53800.0,54100.0,1963851
2025-02-10 12:00:00+09:00,54000.0,54100.0,53700.0,53900.0,1410484
2025-02-10 13:00:00+09:00,53900.0,54200.0,53800.0,54200.0,2356119
2025-02-10 14:00:00+09:00,54100.0,55800.0,54100.0,55600.0,11070083
2025-02-11 09:00:00+09:00,55500.0,56100.0,55000.0,56100.0,9358091
2025-02-11 10:00:00+09:00,56000.0,56100.0,55500.0,55700.0,3291133
2025-02-11 11:00:00+09:00,55600.0,55900.0,55500.0,55700.0,1875234
2025-02-11 12:00:00+09:00,55700.0,56000.0,55500.0,56000.0,2138410
2025-02-11 13:00:00+09:00,56000.0,56300.0,55700.0,55700.0,3974465
2025-02-11 14:00:00+09:00,55800.0,56000.0,55600.0,55600.0,2139335
2025-02-12 09:00:00+09:00,55100.0,55200.0,54500.0,54900.0,7797376
2025-02-12 10:00:00+09:00,55000.0,55500.0,54900.0,55400.0,2494266
2025-02-12 11:00:00+09:00,55300.0,55900.0,55300.0,55600.0,2056736
2025-02-12 12:00:00+09:00,55600.0,55700.0,55300.0,55600.0,1634943
2025-02-12 13:00:00+09:00,55500.0,55700.0,55400.0,55700.0,1911201
2025-02-12 14:00:00+09:00,55700.0,55900.0,55400.0,55500.0,3002804
2025-02-13 09:00:00+09:00,56100.0,56400.0,55800.0,56100.0,4988729
2025-02-13 10:00:00+09:00,56100.0,56400.0,56000.0,56100.0,2911925
2025-02-13 11:00:00+09:00,56100.0,56200.0,55800.0,55900.0,1962800
2025-02-13 12:00:00+09:00,55900.0,56000.0,55600.0,55900.0,2769809
2025-02-13 13:00:00+09:00,56000.0,56100.0,55800.0,56000.0,2351027
2025-02-13 14:00:00+09:00,55900.0,56200.0,55900.0,56100.0,1806998
2025-02-14 09:00:00+09:00,56000.0,57100.0,56000.0,57100.0,8126254
2025-02-14 10:00:00+09:00,57100.0,57300.0,56300.0,56600.0,6169529
2025-02-14 11:00:00+09:00,56500.0,56600.0,56300.0,56600.0,1827771
2025-02-14 12:00:00+09:00,56600.0,56600.0,56300.0,56300.0,1341258
2025-02-14 13:00:00+09:00,56400.0,56400.0,56100.0,56300.0,2152306
2025-02-14 14:00:00+09:00,56200.0,56400.0,56100.0,56200.0,2204214
2025-02-17 09:00:00+09:00,56100.0,56500.0,55700.0,55800.0,0
2025-02-17 10:00:00+09:00,55900.0,56200.0,55800.0,55900.0,1873857
2025-02-17 11:00:00+09:00,55900.0,56300.0,55800.0,56000.0,1599752
2025-02-17 12:00:00+09:00,55900.0,56000.0,55800.0,55900.0,714837
2025-02-17 13:00:00+09:00,55800.0,55900.0,55700.0,55900.0,920212
2025-02-17 14:00:00+09:00,55900.0,56000.0,55800.0,55900.0,1122620
2025-02-18 09:00:00+09:00,56200.0,56500.0,55900.0,55900.0,5276045
2025-02-18 10:00:00+09:00,55900.0,56200.0,55900.0,56100.0,1685734
2025-02-18 11:00:00+09:00,56000.0,57100.0,56000.0,57000.0,5202118
2025-02-18 12:00:00+09:00,57000.0,57200.0,56800.0,57100.0,2907964
2025-02-18 13:00:00+09:00,57000.0,57200.0,56900.0,57100.0,2106911
2025-02-18 14:00:00+09:00,57200.0,57200.0,57000.0,57000.0,1630045
2025-02-19 09:00:00+09:00,57400.0,58500.0,57300.0,58100.0,9256842
2025-02-19 10:00:00+09:00,58100.0,58500.0,57900.0,58500.0,3101941
2025-02-19 11:00:00+09:00,58400.0,58700.0,58300.0,58500.0,3779216
2025-02-19 12:00:00+09:00,58500.0,58800.0,58400.0,58700.0,2059116
2025-02-19 13:00:00+09:00,58700.0,58900.0,58600.0,58700.0,2736986
2025-02-19 14:00:00+09:00,58800.0,58900.0,58700.0,58900.0,2556330
2025-02-20 09:00:00+09:00,59100.0,59100.0,58300.0,58500.0,9434741
2025-02-20 10:00:00+09:00,58500.0,58900.0,58100.0,58700.0,3537286
2025-02-20 11:00:00+09:00,58600.0,58700.0,58400.0,58700.0,1350408
2025-02-20 12:00:00+09:00,58700.0,58800.0,58400.0,58500.0,1278046
2025-02-20 13:00:00+09:00,58500.0,58600.0,58300.0,58400.0,1764269
2025-02-20 14:00:00+09:00,58400.0,58500.0,58100.0,58300.0,1759177
2025-02-21 09:00:00+09:00,58400.0,58500.0,57100.0,57400.0,6728907
2025-02-21 10:00:00+09:00,57400.0,57500.0,57100.0,57500.0,2600989
2025-02-21 11:00:00+09:00,57400.0,57500.0,57200.0,57500.0,1714768
2025-02-21 12:00:00+09:00,57400.0,57800.0,57400.0,57700.0,1585770
2025-02-21 13:00:00+09:00,57600.0,57700.0,57400.0,57500.0,1606029
2025-02-21 14:00:00+09:00,57500.0,58200.0,57400.0,58100.0,2995288
2025-02-24 09:00:00+09:00,57300.0,57700.0,57200.0,57400.0,0
2025-02-24 10:00:00+09:00,57300.0,57600.0,57200.0,57300.0,1875948
2025-02-24 11:00:00+09:00,57300.0,57500.0,57200.0,57300.0,1256636
2025-02-24 12:00:00+09:00,57300.0,57400.0,57200.0,57300.0,919486
2025-02-24 13:00:00+09:00,57200.0,57400.0,57200.0,57300.0,1203028
2025-02-24 14:00:00+09:00,57300.0,57600.0,57300.0,57400.0,1595907
2025-02-25 09:00:00+09:00,56600.0,57600.0,56500.0,57300.0,4902945
2025-02-25 10:00:00+09:00,57300.0,57800.0,57200.0,57600.0,2523854
2025-02-25 11:00:00+09:00,57600.0,57700.0,57300.0,57500.0,1551033
2025-02-25 12:00:00+09:00,57600.0,57700.0,57500.0,57600.0,829993
2025-02-25 13:00:00+09:00,57600.0,57700.0,57300.0,57400.0,1290935
2025-02-25 14:00:00+09:00,57400.0,57500.0,57100.0,57300.0,1568533
2025-02-26 09:00:00+09:00,57000.0,57100.0,56100.0,56400.0,6769114
2025-02-26 10:00:00+09:00,56400.0,56600.0,56400.0,56500.0,2164616
2025-02-26 11:00:00+09:00,56600.0,56600.0,56300.0,56500.0,1864174
2025-02-26 12:00:00+09:00,56500.0,56600.0,56400.0,56500.0,942464
2025-02-26 13:00:00+09:00,56500.0,56700.0,56500.0,56700.0,1056973
2025-02-26 14:00:00+09:00,56700.0,56900.0,56600.0,56900.0,2071456
2025-02-27 09:00:00+09:00,56500.0,57100.0,56400.0,56900.0,5545527
2025-02-27 10:00:00+09:00,56900.0,57000.0,56500.0,56600.0,1416248
2025-02-27 11:00:00+09:00,56600.0,56600.0,56400.0,56500.0,1200775
2025-02-27 12:00:00+09:00,56500.0,56500.0,56200.0,56300.0,1502669
2025-02-27 13:00:00+09:00,56200.0,56400.0,56200.0,56300.0,917643
2025-02-27 14:00:00+09:00,56300.0,56500.0,56300.0,56400.0,1458648
2025-02-28 09:00:00+09:00,55400.0,55700.0,55100.0,55100.0,6970111
2025-02-28 10:00:00+09:00,55200.0,55400.0,55100.0,55100.0,2915724
2025-02-28 11:00:00+09:00,55100.0,55200.0,55000.0,55000.0,1953776
2025-02-28 12:00:00+09:00,55000.0,55100.0,54700.0,54900.0,3450439
2025-02-28 13:00:00+09:00,54800.0,55200.0,54700.0,54900.0,2801272
2025-02-28 14:00:00+09:00,54900.0,54900.0,54500.0,54600.0,3062633
2025-03-04 09:00:00+09:00,53900.0,54700.0,53800.0,54600.0,0
2025-03-04 10:00:00+09:00,54550.0,54700.0,54200.0,54400.0,2308183
2025-03-04 11:00:00+09:00,54400.0,55000.0,54400.0,54900.0,1750535
2025-03-04 12:00:00+09:00,54850.0,54900.0,54500.0,54500.0,1162817
2025-03-04 13:00:00+09:00,54500.0,54700.0,54400.0,54700.0,1467407
2025-03-04 14:00:00+09:00,54700.0,54900.0,54500.0,54700.0,1921322
2025-03-05 09:00:00+09:00,55100.0,55400.0,54400.0,54600.0,4642150
2025-03-05 10:00:00+09:00,54600.0,54600.0,54100.0,54150.0,2333336
2025-03-05 11:00:00+09:00,54100.0,54500.0,54100.0,54300.0,1609438
2025-03-05 12:00:00+09:00,54200.0,54600.0,54200.0,54500.0,1127310
2025-03-05 13:00:00+09:00,54500.0,54600.0,54300.0,54400.0,1393393
2025-03-05 14:00:00+09:00,54300.0,54500.0,54300.0,54400.0,1630920
2025-03-06 09:00:00+09:00,54100.0,54400.0,54000.0,54100.0,3479159
2025-03-06 10:00:00+09:00,54100.0,54500.0,54100.0,54200.0,1165615
2025-03-06 11:00:00+09:00,54200.0,54500.0,54200.0,54500.0,1125359
2025-03-06 12:00:00+09:00,54500.0,54500.0,54200.0,54300.0,1062589
2025-03-06 13:00:00+09:00,54250.0,54300.0,54000.0,54200.0,1094710
2025-03-06 14:00:00+09:00,54100.0,54200.0,54000.0,54100.0,1416271
2025-03-07 09:00:00+09:00,53500.0,53900.0,53400.0,53750.0,3186132
2025-03-07 10:00:00+09:00,53750.0,54100.0,53700.0,54050.0,1302451
2025-03-07 11:00:00+09:00,54000.0,54200.0,54000.0,54100.0,800598
2025-03-07 12:00:00+09:00,54100.0,54100.0,53700.0,53900.0,1970934
2025-03-07 13:00:00+09:00,53900.0,54100.0,53800.0,53850.0,2279951
2025-03-07 14:00:00+09:00,53900.0,54000.0,53700.0,53700.0,1709984
2025-03-10 09:00:00+09:00,53500.0,54800.0,53500.0,54200.0,0
2025-03-10 10:00:00+09:00,54200.0,54400.0,54100.0,54200.0,1412889
2025-03-10 11:00:00+09:00,54250.0,54300.0,54000.0,54150.0,1341078
2025-03-10 12:00:00+09:00,54200.0,54300.0,54100.0,54200.0,960507
2025-03-10 13:00:00+09:00,54250.0,54300.0,54000.0,54100.0,1133829
2025-03-10 14:00:00+09:00,54100.0,54200.0,53800.0,53900.0,1463914
2025-03-11 09:00:00+09:00,52500.0,53100.0,52500.0,52700.0,5836871
2025-03-11 10:00:00+09:00,52700.0,53000.0,52600.0,52900.0,2516882
2025-03-11 11:00:00+09:00,52900.0,53500.0,52800.0,53350.0,1691938
2025-03-11 12:00:00+09:00,53350.0,53700.0,53300.0,53500.0,1860734
2025-03-11 13:00:00+09:00,53500.0,54100.0,53500.0,53800.0,2419179
2025-03-11 14:00:00+09:00,53800.0,53900.0,53600.0,53800.0,1582343
2025-03-12 09:00:00+09:00,53800.0,54700.0,53600.0,54550.0,5430203
2025-03-12 10:00:00+09:00,54550.0,54700.0,54400.0,54500.0,1975357
2025-03-12 11:00:00+09:00,54500.0,55300.0,54500.0,55200.0,3016877
2025-03-12 12:00:00+09:00,55200.0,55300.0,54700.0,54900.0,2363886
2025-03-12 13:00:00+09:00,55000.0,55200.0,54900.0,55000.0,1483348
2025-03-12 14:00:00+09:00,54900.0,55200.0,54900.0,55000.0,1654729
2025-03-13 09:00:00+09:00,55800.0,55900.0,55100.0,55350.0,6002613
2025-03-13 10:00:00+09:00,55350.0,55600.0,55200.0,55250.0,2449118
2025-03-13 11:00:00+09:00,55250.0,55400.0,55000.0,55200.0,1633760
2025-03-13 12:00:00+09:00,55200.0,55200.0,55000.0,55100.0,1440887
2025-03-13 13:00:00+09:00,55100.0,55200.0,54900.0,55000.0,1864316
2025-03-13 14:00:00+09:00,55000.0,55000.0,54400.0,54400.0,3604489
2025-03-14 09:00:00+09:00,54500.0,54900.0,54400.0,54700.0,3024017
2025-03-14 10:00:00+09:00,54700.0,55100.0,54500.0,55000.0,1785633
2025-03-14 11:00:00+09:00,55000.0,55100.0,54800.0,54900.0,831451
2025-03-14 12:00:00+09:00,54900.0,55000.0,54800.0,54800.0,694785
2025-03-14 13:00:00+09:00,54800.0,55000.0,54800.0,54900.0,751194
2025-03-14 14:00:00+09:00,54900.0,55000.0,54700.0,54900.0,1414930
2025-03-17 09:00:00+09:00,55500.0,57500.0,55400.0,57200.0,3300833
2025-03-17 10:00:00+09:00,57300.0,57800.0,57200.0,57200.0,6176152
2025-03-17 11:00:00+09:00,57200.0,57700.0,57200.0,57700.0,2591970
2025-03-17 12:00:00+09:00,57700.0,57800.0,57600.0,57700.0,2079924
2025-03-17 13:00:00+09:00,57700.0,57800.0,57500.0,57600.0,2186621
2025-03-17 14:00:00+09:00,57600.0,57800.0,57500.0,57500.0,3343070
2025-03-18 09:00:00+09:00,58800.0,59000.0,58200.0,58250.0,11931551
2025-03-18 10:00:00+09:00,58250.0,58600.0,58200.0,58350.0,2903373
2025-03-18 11:00:00+09:00,58350.0,58400.0,57800.0,58000.0,2636052
2025-03-18 12:00:00+09:00,58100.0,58100.0,57700.0,57800.0,1729186
2025-03-18 13:00:00+09:00,57800.0,57900.0,57300.0,57600.0,4151330
2025-03-18 14:00:00+09:00,57600.0,57900.0,57600.0,57800.0,2676460
2025-03-19 09:00:00+09:00,57400.0,58900.0,57400.0,58800.0,8095263
2025-03-19 10:00:00+09:00,58900.0,59200.0,58300.0,58500.0,6892075
2025-03-19 11:00:00+09:00,58500.0,59000.0,58400.0,58800.0,2378998
2025-03-19 12:00:00+09:00,58800.0,59000.0,58700.0,59000.0,2055237
2025-03-19 13:00:00+09:00,59000.0,59200.0,58800.0,58850.0,3282674
2025-03-19 14:00:00+09:00,58850.0,59000.0,58700.0,58900.0,2265311
2025-03-20 09:00:00+09:00,59200.0,59700.0,58500.0,59500.0,10413688
2025-03-20 10:00:00+09:00,59400.0,59600.0,59200.0,59500.0,3880038
2025-03-20 11:00:00+09:00,59450.0,60000.0,59400.0,59850.0,5472786
2025-03-20 12:00:00+09:00,59900.0,60300.0,59800.0,60100.0,5467059
2025-03-20 13:00:00+09:00,60100.0,60100.0,59800.0,60000.0,2743160
2025-03-20 14:00:00+09:00,60100.0,60200.0,59900.0,60100.0,3266378
2025-03-21 09:00:00+09:00,60900.0,61700.0,60400.0,61100.0,14151450
2025-03-21 10:00:00+09:00,61200.0,61500.0,60700.0,61450.0,5001118
2025-03-21 11:00:00+09:00,61450.0,61500.0,61000.0,61300.0,2558481
2025-03-21 12:00:00+09:00,61300.0,61500.0,61000.0,61100.0,2401815
2025-03-21 13:00:00+09:00,61200.0,61500.0,61100.0,61300.0,3015610
2025-03-21 14:00:00+09:00,61300.0,61400.0,61100.0,61300.0,2878195
2025-03-24 09:00:00+09:00,61200.0,61600.0,60800.0,61400.0,0
2025-03-24 10:00:00+09:00,61500.0,61500.0,60900.0,61000.0,1803764
2025-03-24 11:00:00+09:00,61000.0,61400.0,60800.0,61300.0,1452198
2025-03-24 12:00:00+09:00,61200.0,61500.0,61100.0,61200.0,1420012
2025-03-24 13:00:00+09:00,61200.0,61300.0,60900.0,60900.0,1290485
2025-03-24 14:00:00+09:00,60900.0,61100.0,60800.0,60800.0,1488620
2025-03-25 09:00:00+09:00,60900.0,61100.0,60100.0,60650.0,5941664
2025-03-25 10:00:00+09:00,60600.0,60900.0,60400.0,60500.0,1139213
2025-03-25 11:00:00+09:00,60500.0,60600.0,60100.0,60200.0,1414711
2025-03-25 12:00:00+09:00,60200.0,60300.0,60000.0,60100.0,1126565
2025-03-25 13:00:00+09:00,60000.0,60100.0,59500.0,59900.0,2650034
2025-03-25 14:00:00+09:00,59850.0,60200.0,59800.0,60000.0,1370148
2025-03-26 09:00:00+09:00,59800.0,60600.0,59700.0,60350.0,3437913
2025-03-26 10:00:00+09:00,60300.0,61400.0,60200.0,61400.0,3841018
2025-03-26 11:00:00+09:00,61350.0,61400.0,61000.0,61200.0,2233720
2025-03-26 12:00:00+09:00,61300.0,61300.0,60800.0,61200.0,1676460
2025-03-26 13:00:00+09:00,61200.0,61300.0,61100.0,61200.0,1653582
2025-03-26 14:00:00+09:00,61250.0,61400.0,61100.0,61100.0,1585719
2025-03-27 09:00:00+09:00,60900.0,62000.0,60800.0,61600.0,6184348
2025-03-27 10:00:00+09:00,61700.0,61900.0,61600.0,61650.0,2805601
2025-03-27 11:00:00+09:00,61600.0,61900.0,61500.0,61800.0,1871108
2025-03-27 12:00:00+09:00,61700.0,61800.0,61600.0,61700.0,1605673
2025-03-27 13:00:00+09:00,61700.0,61900.0,61700.0,61800.0,2332260
2025-03-27 14:00:00+09:00,61800.0,61800.0,61600.0,61600.0,2014335
2025-03-28 09:00:00+09:00,60700.0,61000.0,60000.0,60600.0,6546500
2025-03-28 10:00:00+09:00,60500.0,61100.0,60500.0,60600.0,2055451
2025-03-28 11:00:00+09:00,60500.0,60600.0,60300.0,60400.0,1150671
2025-03-28 12:00:00+09:00,60400.0,60500.0,60200.0,60500.0,929284
2025-03-28 13:00:00+09:00,60400.0,60600.0,60200.0,60350.0,1594118
2025-03-28 14:00:00+09:00,60300.0,60500.0,60000.0,60000.0,1988443
2025-03-31 09:00:00+09:00,59500.0,59700.0,58600.0,58800.0,0
2025-03-31 10:00:00+09:00,58800.0,58800.0,58600.0,58600.0,1123055
2025-03-31 11:00:00+09:00,58600.0,58700.0,58100.0,58200.0,2124708
2025-03-31 12:00:00+09:00,58200.0,58300.0,58100.0,58150.0,829604
2025-03-31 13:00:00+09:00,58100.0,58300.0,57800.0,58200.0,2058583
2025-03-31 14:00:00+09:00,58200.0,58300.0,58000.0,58150.0,1346372
2025-04-01 09:00:00+09:00,58700.0,58900.0,57900.0,58200.0,3984497
2025-04-01 10:00:00+09:00,58200.0,59100.0,58050.0,59100.0,2902054
2025-04-01 11:00:00+09:00,59050.0,59600.0,59000.0,59300.0,1758858
2025-04-01 12:00:00+09:00,59300.0,59400.0,58900.0,58950.0,1041837
2025-04-01 13:00:00+09:00,58950.0,59300.0,58700.0,59100.0,1591998
2025-04-01 14:00:00+09:00,59150.0,59300.0,58800.0,59000.0,1236448
2025-04-02 09:00:00+09:00,58800.0,59200.0,58300.0,58700.0,4285656
2025-04-02 10:00:00+09:00,58650.0,59100.0,58500.0,59100.0,2054040
2025-04-02 11:00:00+09:00,59050.0,59300.0,58700.0,59100.0,1851203
2025-04-02 12:00:00+09:00,59150.0,59400.0,59100.0,59150.0,1331200
2025-04-02 13:00:00+09:00,59150.0,59150.0,58700.0,58800.0,1634403
2025-04-02 14:00:00+09:00,58800.0,59100.0,58600.0,58800.0,1622462
2025-04-03 09:00:00+09:00,56900.0,57800.0,56900.0,57400.0,6511021
2025-04-03 10:00:00+09:00,57300.0,57700.0,57000.0,57300.0,3506550
2025-04-03 11:00:00+09:00,57300.0,57500.0,57100.0,57300.0,2275263
2025-04-03 12:00:00+09:00,57250.0,57500.0,57200.0,57300.0,1393087
2025-04-03 13:00:00+09:00,57350.0,57700.0,57300.0,57600.0,1837981
2025-04-03 14:00:00+09:00,57600.0,57600.0,57200.0,57200.0,1519841
2025-04-04 09:00:00+09:00,56200.0,57300.0,56200.0,57200.0,5399804
2025-04-04 10:00:00+09:00,57200.0,57800.0,57000.0,57700.0,2706209
2025-04-04 11:00:00+09:00,57800.0,58200.0,56600.0,56800.0,4220300
2025-04-04 12:00:00+09:00,56700.0,56800.0,56200.0,56300.0,2276346
2025-04-04 13:00:00+09:00,56200.0,56300.0,56100.0,56150.0,1696312
2025-04-04 14:00:00+09:00,56200.0,56200.0,55700.0,56000.0,3978286
2025-04-07 09:00:00+09:00,53300.0,54100.0,53100.0,53600.0,0
2025-04-07 10:00:00+09:00,53600.0,54100.0,53500.0,53800.0,5141434
2025-04-07 11:00:00+09:00,53800.0,54000.0,53600.0,53750.0,3070611
2025-04-07 12:00:00+09:00,53700.0,53800.0,53500.0,53700.0,2140855
2025-04-07 13:00:00+09:00,53700.0,53700.0,53300.0,53400.0,3138350
2025-04-07 14:00:00+09:00,53350.0,53500.0,53300.0,53500.0,3057380
2025-04-08 09:00:00+09:00,55000.0,55300.0,54100.0,54200.0,7319519
2025-04-08 10:00:00+09:00,54200.0,54700.0,54000.0,54600.0,3042195
2025-04-08 11:00:00+09:00,54600.0,54700.0,54100.0,54200.0,1931070
2025-04-08 12:00:00+09:00,54200.0,54200.0,53800.0,54000.0,2195721
2025-04-08 13:00:00+09:00,54000.0,54100.0,53400.0,53700.0,3278235
2025-04-08 14:00:00+09:00,53700.0,53800.0,53300.0,53450.0,2823004
2025-04-09 09:00:00+09:00,53300.0,54300.0,53300.0,53700.0,4781216
2025-04-09 10:00:00+09:00,53700.0,53800.0,53200.0,53750.0,2568541
2025-04-09 11:00:00+09:00,53700.0,54100.0,53600.0,53900.0,2356772
2025-04-09 12:00:00+09:00,53900.0,54200.0,53700.0,53800.0,2114531
2025-04-09 13:00:00+09:00,53700.0,53900.0,53100.0,53400.0,2434639
2025-04-09 14:00:00+09:00,53300.0,53400.0,53100.0,53200.0,2587443
2025-04-10 09:00:00+09:00,56600.0,56700.0,55000.0,55500.0,8010129
2025-04-10 10:00:00+09:00,55600.0,55700.0,55500.0,55700.0,1632889
2025-04-10 11:00:00+09:00,55700.0,56300.0,55500.0,56200.0,2042536
2025-04-10 12:00:00+09:00,56100.0,56200.0,55800.0,56000.0,2177009
2025-04-10 13:00:00+09:00,56000.0,56300.0,55900.0,56200.0,1705983
2025-04-10 14:00:00+09:00,56200.0,56400.0,56100.0,56300.0,2212933
2025-04-11 09:00:00+09:00,55600.0,55700.0,54900.0,54900.0,3538258
2025-04-11 10:00:00+09:00,54950.0,55300.0,54800.0,55050.0,2112521
2025-04-11 11:00:00+09:00,55050.0,55200.0,54900.0,55100.0,1366371
2025-04-11 12:00:00+09:00,55000.0,55300.0,55000.0,55300.0,1113943
2025-04-11 13:00:00+09:00,55300.0,55500.0,55000.0,55000.0,1718465
2025-04-11 14:00:00+09:00,55050.0,55400.0,54900.0,55200.0,1735239
2025-04-14 09:00:00+09:00,56300.0,56700.0,55800.0,56200.0,0
2025-04-14 10:00:00+09:00,56200.0,56500.0,56100.0,56250.0,1504227
2025-04-14 11:00:00+09:00,56200.0,56500.0,56200.0,56300.0,1168601
2025-04-14 12:00:00+09:00,56250.0,56300.0,55800.0,55900.0,1289028
2025-04-14 13:00:00+09:00,55900.0,56200.0,55800.0,56050.0,884121
2025-04-14 14:00:00+09:00,56050.0,56200.0,56000.0,56150.0,1037140
2025-04-15 09:00:00+09:00,56300.0,57100.0,56200.0,56800.0,3265904
2025-04-15 10:00:00+09:00,56750.0,56900.0,56600.0,56700.0,1013611
2025-04-15 11:00:00+09:00,56650.0,56800.0,56500.0,56750.0,781449
2025-04-15 12:00:00+09:00,56700.0,56900.0,56600.0,56700.0,776255
2025-04-15 13:00:00+09:00,56700.0,56900.0,56700.0,56850.0,670349
2025-04-15 14:00:00+09:00,56900.0,56900.0,56600.0,56700.0,1155906
2025-04-16 09:00:00+09:00,56000.0,56200.0,55100.0,55300.0,4212772
2025-04-16 10:00:00+09:00,55250.0,55500.0,55100.0,55200.0,2033557
2025-04-16 11:00:00+09:00,55150.0,55200.0,54900.0,55000.0,1726915
2025-04-16 12:00:00+09:00,55000.0,55100.0,54900.0,55000.0,1232875
2025-04-16 13:00:00+09:00,55000.0,55100.0,54900.0,54900.0,1090302
2025-04-16 14:00:00+09:00,54900.0,54950.0,54700.0,54750.0,1885068
2025-04-17 09:00:00+09:00,54700.0,55300.0,54500.0,55200.0,2649565
2025-04-17 10:00:00+09:00,55150.0,55200.0,54800.0,54900.0,1284962
2025-04-17 11:00:00+09:00,54900.0,55100.0,54700.0,55000.0,922439
2025-04-17 12:00:00+09:00,55000.0,55300.0,54900.0,54950.0,1221687
2025-04-17 13:00:00+09:00,55000.0,55100.0,54700.0,54800.0,1296725
2025-04-17 14:00:00+09:00,54800.0,55200.0,54800.0,55050.0,1157496
2025-04-18 09:00:00+09:00,55300.0,55300.0,54900.0,55100.0,1342459
2025-04-18 10:00:00+09:00,55100.0,55400.0,55000.0,55300.0,836982
2025-04-18 11:00:00+09:00,55250.0,55400.0,55200.0,55200.0,479585
2025-04-18 12:00:00+09:00,55200.0,55400.0,55200.0,55300.0,675920
2025-04-18 13:00:00+09:00,55250.0,55400.0,55200.0,55400.0,384537
2025-04-18 14:00:00+09:00,55350.0,55600.0,55300.0,55450.0,986012
2025-04-21 09:00:00+09:00,55200.0,56000.0,55100.0,55600.0,0
2025-04-21 10:00:00+09:00,55550.0,55600.0,55300.0,55500.0,918470
2025-04-21 11:00:00+09:00,55400.0,55500.0,55200.0,55400.0,536027
2025-04-21 12:00:00+09:00,55400.0,55500.0,55200.0,55400.0,684141
2025-04-21 13:00:00+09:00,55400.0,55550.0,55200.0,55350.0,756080
2025-04-21 14:00:00+09:00,55300.0,55500.0,55300.0,55300.0,469951
2025-04-22 09:00:00+09:00,54900.0,55200.0,54800.0,54900.0,2255956
2025-04-22 10:00:00+09:00,54950.0,55200.0,54800.0,55050.0,966593
2025-04-22 11:00:00+09:00,55100.0,55300.0,55000.0,55300.0,778313
2025-04-22 12:00:00+09:00,55250.0,55500.0,55100.0,55300.0,1077580
2025-04-22 13:00:00+09:00,55300.0,55300.0,54900.0,54950.0,946439
2025-04-22 14:00:00+09:00,54950.0,55100.0,54800.0,54850.0,1864899
2025-04-23 09:00:00+09:00,56000.0,56100.0,55600.0,55700.0,2925587
2025-04-23 10:00:00+09:00,55700.0,55900.0,55500.0,55600.0,1433168
2025-04-23 11:00:00+09:00,55600.0,56000.0,55500.0,55900.0,1223914
2025-04-23 12:00:00+09:00,55850.0,56000.0,55800.0,55850.0,915458
2025-04-23 13:00:00+09:00,55850.0,56000.0,55800.0,55900.0,925238
2025-04-23 14:00:00+09:00,55900.0,55950.0,55700.0,55750.0,1301022
2025-04-24 09:00:00+09:00,55600.0,55800.0,55300.0,55500.0,2986970
2025-04-24 10:00:00+09:00,55400.0,55500.0,55200.0,55300.0,2181971
2025-04-24 11:00:00+09:00,55300.0,55500.0,55200.0,55350.0,1036648
2025-04-24 12:00:00+09:00,55350.0,55500.0,55300.0,55500.0,671801
2025-04-24 13:00:00+09:00,55450.0,55700.0,55400.0,55650.0,841741
2025-04-24 14:00:00+09:00,55700.0,55800.0,55600.0,55750.0,935942
2025-04-25 09:00:00+09:00,56400.0,56400.0,55800.0,56050.0,3464262
2025-04-25 10:00:00+09:00,56050.0,56100.0,55600.0,55700.0,1930455
2025-04-25 11:00:00+09:00,55700.0,56000.0,55700.0,55900.0,1153063
2025-04-25 12:00:00+09:00,55900.0,56200.0,55900.0,56150.0,1340273
2025-04-25 13:00:00+09:00,56100.0,56300.0,55800.0,55900.0,1375574
2025-04-25 14:00:00+09:00,55900.0,56000.0,55800.0,55800.0,1002024
2025-04-28 09:00:00+09:00,55800.0,55800.0,55500.0,55650.0,0
2025-04-28 10:00:00+09:00,55600.0,55900.0,55600.0,55700.0,1462068
2025-04-28 11:00:00+09:00,55800.0,55900.0,55700.0,55700.0,765000
2025-04-28 12:00:00+09:00,55750.0,55800.0,55600.0,55600.0,886273
2025-04-28 13:00:00+09:00,55650.0,55800.0,55600.0,55700.0,783085
2025-04-28 14:00:00+09:00,55800.0,55800.0,55500.0,55600.0,1031720
2025-04-29 09:00:00+09:00,55700.0,55900.0,55600.0,55800.0,1713714
2025-04-29 10:00:00+09:00,55700.0,56300.0,55700.0,56200.0,2168923
2025-04-29 11:00:00+09:00,56200.0,56500.0,56150.0,56300.0,1918527
2025-04-29 12:00:00+09:00,56300.0,56400.0,56000.0,56150.0,928257
2025-04-29 13:00:00+09:00,56150.0,56300.0,56100.0,56100.0,692146
2025-04-29 14:00:00+09:00,56150.0,56150.0,55900.0,55900.0,830764
2025-04-30 09:00:00+09:00,55900.0,56000.0,55500.0,55700.0,2848715
2025-04-30 10:00:00+09:00,55700.0,55800.0,55500.0,55550.0,1297775
2025-04-30 11:00:00+09:00,55600.0,55700.0,55500.0,55500.0,623877
2025-04-30 12:00:00+09:00,55500.0,55800.0,55400.0,55600.0,1395437
2025-04-30 13:00:00+09:00,55600.0,55800.0,55500.0,55500.0,1279829
2025-04-30 14:00:00+09:00,55500.0,55600.0,55400.0,55400.0,1361091
2025-05-02 09:00:00+09:00,55000.0,55500.0,54800.0,55000.0,0
2025-05-02 10:00:00+09:00,55000.0,55100.0,54700.0,54700.0,2730198
2025-05-02 11:00:00+09:00,54750.0,54900.0,54700.0,54750.0,2116904
2025-05-02 12:00:00+09:00,54750.0,54750.0,54500.0,54650.0,2853709
2025-05-02 13:00:00+09:00,54700.0,54700.0,54500.0,54600.0,1766310
2025-05-02 14:00:00+09:00,54650.0,54700.0,54200.0,54250.0,3910580
2025-05-07 09:00:00+09:00,54500.0,55000.0,54300.0,54650.0,0
2025-05-07 10:00:00+09:00,54650.0,54800.0,54500.0,54650.0,1705389
2025-05-07 11:00:00+09:00,54650.0,54700.0,54300.0,54300.0,1389236
2025-05-07 12:00:00+09:00,54300.0,54500.0,54300.0,54300.0,1115021
2025-05-07 13:00:00+09:00,54350.0,54400.0,54300.0,54300.0,1099221
2025-05-07 14:00:00+09:00,54350.0,54500.0,54300.0,54450.0,1781381
2025-05-08 09:00:00+09:00,55100.0,55500.0,54700.0,54900.0,4103031
2025-05-08 10:00:00+09:00,54900.0,55000.0,54700.0,54700.0,1191671
2025-05-08 11:00:00+09:00,54800.0,54900.0,54700.0,54750.0,1016906
2025-05-08 12:00:00+09:00,54700.0,55000.0,54700.0,54900.0,1426515
2025-05-08 13:00:00+09:00,54900.0,55000.0,54800.0,54800.0,1239840
2025-05-08 14:00:00+09:00,54800.0,54900.0,54600.0,54650.0,1591901
2025-05-09 09:00:00+09:00,54700.0,54900.0,54400.0,54750.0,2139653
2025-05-09 10:00:00+09:00,54750.0,54800.0,54500.0,54600.0,1044743
2025-05-09 11:00:00+09:00,54600.0,54700.0,54600.0,54650.0,475931
2025-05-09 12:00:00+09:00,54650.0,54700.0,54600.0,54650.0,412911
2025-05-09 13:00:00+09:00,54650.0,54900.0,54600.0,54850.0,1194504
2025-05-09 14:00:00+09:00,54900.0,55000.0,54800.0,54900.0,952480
2025-05-12 09:00:00+09:00,55200.0,55400.0,55000.0,55100.0,0
2025-05-12 10:00:00+09:00,55100.0,55400.0,55000.0,55350.0,1648995
2025-05-12 11:00:00+09:00,55400.0,56000.0,55350.0,55800.0,2496841
2025-05-12 12:00:00+09:00,55750.0,56000.0,55700.0,55900.0,1265264
2025-05-12 13:00:00+09:00,55900.0,56300.0,55800.0,56250.0,1370393
2025-05-12 14:00:00+09:00,56300.0,57300.0,56200.0,57300.0,3712223
2025-05-13 09:00:00+09:00,57700.0,58200.0,57000.0,57100.0,6037275
2025-05-13 10:00:00+09:00,57200.0,57800.0,57000.0,57800.0,1475936
2025-05-13 11:00:00+09:00,57800.0,57900.0,57300.0,57400.0,1334158
2025-05-13 12:00:00+09:00,57400.0,57500.0,56900.0,56950.0,1672463
2025-05-13 13:00:00+09:00,56950.0,57100.0,56800.0,57000.0,1652233
2025-05-13 14:00:00+09:00,56950.0,57050.0,56800.0,56950.0,1105311
2025-05-14 09:00:00+09:00,57500.0,57800.0,57000.0,57100.0,2874949
2025-05-14 10:00:00+09:00,57100.0,57500.0,57000.0,57450.0,1281188
2025-05-14 11:00:00+09:00,57500.0,57800.0,57300.0,57700.0,1444524
2025-05-14 12:00:00+09:00,57700.0,57900.0,57600.0,57700.0,1487094
2025-05-14 13:00:00+09:00,57650.0,57800.0,57000.0,57200.0,1984245
2025-05-14 14:00:00+09:00,57150.0,57300.0,57100.0,57200.0,1420600
2025-05-15 09:00:00+09:00,57400.0,58600.0,57150.0,57950.0,4909876
2025-05-15 10:00:00+09:00,57900.0,58100.0,57500.0,57950.0,1647583
2025-05-15 11:00:00+09:00,57900.0,58100.0,57700.0,57850.0,1057059
2025-05-15 12:00:00+09:00,57850.0,58000.0,57700.0,57800.0,594275
2025-05-15 13:00:00+09:00,57800.0,57800.0,57300.0,57400.0,1336465
2025-05-15 14:00:00+09:00,57500.0,57500.0,57100.0,57200.0,1272583
2025-05-16 09:00:00+09:00,57400.0,57500.0,56700.0,56800.0,3273145
2025-05-16 10:00:00+09:00,56800.0,57000.0,56700.0,56900.0,759889
2025-05-16 11:00:00+09:00,56900.0,56900.0,56700.0,56900.0,467110
2025-05-16 12:00:00+09:00,56900.0,57100.0,56800.0,56850.0,731116
2025-05-16 13:00:00+09:00,56850.0,57200.0,56800.0,56900.0,1515154
2025-05-16 14:00:00+09:00,56900.0,56950.0,56700.0,56850.0,1761489
2025-05-19 09:00:00+09:00,56400.0,56400.0,56000.0,56100.0,0
2025-05-19 10:00:00+09:00,56050.0,56100.0,55500.0,55850.0,2037719
2025-05-19 11:00:00+09:00,55850.0,56000.0,55700.0,55900.0,1052734
2025-05-19 12:00:00+09:00,55900.0,55900.0,55600.0,55700.0,856149
2025-05-19 13:00:00+09:00,55700.0,55700.0,55500.0,55600.0,904139
2025-05-19 14:00:00+09:00,55600.0,55800.0,55550.0,55700.0,1445411
2025-05-20 09:00:00+09:00,56200.0,56700.0,56100.0,56200.0,2090142
2025-05-20 10:00:00+09:00,56200.0,56300.0,55900.0,56050.0,1375292
2025-05-20 11:00:00+09:00,56050.0,56100.0,55900.0,56000.0,903612
2025-05-20 12:00:00+09:00,56000.0,56100.0,55800.0,55900.0,1117736
2025-05-20 13:00:00+09:00,55950.0,56000.0,55700.0,55950.0,862487
2025-05-20 14:00:00+09:00,55950.0,56200.0,55800.0,55850.0,996237
2025-05-21 09:00:00+09:00,56200.0,56500.0,56100.0,56300.0,2031552
2025-05-21 10:00:00+09:00,56200.0,56600.0,56100.0,56100.0,1045345
2025-05-21 11:00:00+09:00,56150.0,56200.0,55900.0,55900.0,988677
2025-05-21 12:00:00+09:00,55900.0,56100.0,55900.0,56050.0,583355
2025-05-21 13:00:00+09:00,56050.0,56100.0,55900.0,55950.0,719516
2025-05-21 14:00:00+09:00,55900.0,56000.0,55800.0,55900.0,910296
2025-05-22 09:00:00+09:00,55300.0,55500.0,55000.0,55100.0,3700531
2025-05-22 10:00:00+09:00,55150.0,55150.0,54600.0,54650.0,2873199
2025-05-22 11:00:00+09:00,54650.0,54700.0,54500.0,54550.0,1904457
2025-05-22 12:00:00+09:00,54500.0,54800.0,54500.0,54800.0,1623994
2025-05-22 13:00:00+09:00,54750.0,54900.0,54600.0,54700.0,1168660
2025-05-22 14:00:00+09:00,54700.0,54900.0,54700.0,54700.0,1523793
2025-05-23 09:00:00+09:00,55000.0,55200.0,54700.0,54750.0,2097539
2025-05-23 10:00:00+09:00,54700.0,54800.0,54500.0,54600.0,1476291
2025-05-23 11:00:00+09:00,54600.0,54700.0,54500.0,54600.0,1153618
2025-05-23 12:00:00+09:00,54600.0,54700.0,54500.0,54550.0,917726
2025-05-23 13:00:00+09:00,54500.0,54600.0,54100.0,54350.0,2579864
2025-05-23 14:00:00+09:00,54350.0,54400.0,54200.0,54300.0,1113137
2025-05-26 09:00:00+09:00,53900.0,54400.0,53700.0,54100.0,0
2025-05-26 10:00:00+09:00,54150.0,54300.0,54000.0,54100.0,1365683
2025-05-26 11:00:00+09:00,54100.0,55000.0,54000.0,54550.0,1655429
2025-05-26 12:00:00+09:00,54550.0,54900.0,54300.0,54350.0,1063834
2025-05-26 13:00:00+09:00,54300.0,54600.0,54300.0,54300.0,1024172
2025-05-26 14:00:00+09:00,54350.0,54400.0,54100.0,54200.0,1465375
2025-05-27 09:00:00+09:00,54200.0,54500.0,54100.0,54250.0,2631439
2025-05-27 10:00:00+09:00,54200.0,54300.0,54000.0,54100.0,1819494
2025-05-27 11:00:00+09:00,54100.0,54100.0,54000.0,54050.0,923748
2025-05-27 12:00:00+09:00,54000.0,54100.0,53800.0,53900.0,2241775
2025-05-27 13:00:00+09:00,53950.0,54100.0,53800.0,54000.0,1426770
2025-05-27 14:00:00+09:00,54000.0,54100.0,53900.0,54000.0,2115745
2025-05-28 09:00:00+09:00,54300.0,55700.0,54200.0,55550.0,5340668
2025-05-28 10:00:00+09:00,55550.0,56100.0,55500.0,55750.0,4043072
2025-05-28 11:00:00+09:00,55700.0,56000.0,55500.0,55950.0,1799266
2025-05-28 12:00:00+09:00,55950.0,56000.0,55400.0,55500.0,1307424
2025-05-28 13:00:00+09:00,55450.0,55600.0,55300.0,55400.0,1293813
2025-05-28 14:00:00+09:00,55400.0,55900.0,55300.0,55850.0,1623298
2025-05-29 09:00:00+09:00,56200.0,56300.0,55600.0,55950.0,3804161
2025-05-29 10:00:00+09:00,55950.0,56200.0,55800.0,56000.0,1708413
2025-05-29 11:00:00+09:00,56000.0,56300.0,56000.0,56200.0,1107359
2025-05-29 12:00:00+09:00,56200.0,56300.0,56000.0,56300.0,1271490
2025-05-29 13:00:00+09:00,56250.0,56400.0,56200.0,56300.0,1026534
2025-05-29 14:00:00+09:00,56250.0,56300.0,55950.0,56200.0,1788616
2025-05-30 09:00:00+09:00,56200.0,57200.0,55800.0,57000.0,5285182
2025-05-30 10:00:00+09:00,57000.0,57000.0,56500.0,56700.0,2080338
2025-05-30 11:00:00+09:00,56650.0,57000.0,56600.0,56950.0,1549001
2025-05-30 12:00:00+09:00,56900.0,57000.0,56800.0,56850.0,1533512
2025-05-30 13:00:00+09:00,56900.0,56900.0,56400.0,56450.0,1560056
2025-05-30 14:00:00+09:00,56450.0,56600.0,56300.0,56500.0,1510153
2025-06-02 09:00:00+09:00,56300.0,57300.0,56200.0,56700.0,0
2025-06-02 10:00:00+09:00,56700.0,57000.0,56600.0,56650.0,1250796
2025-06-02 11:00:00+09:00,56650.0,56900.0,56600.0,56650.0,1023080
2025-06-02 12:00:00+09:00,56600.0,56700.0,56400.0,56500.0,1395049
2025-06-02 13:00:00+09:00,56500.0,56700.0,56400.0,56600.0,1215449
2025-06-02 14:00:00+09:00,56650.0,57000.0,56500.0,56800.0,1602408
2025-06-04 09:00:00+09:00,57200.0,57700.0,56800.0,57500.0,0
2025-06-04 10:00:00+09:00,57600.0,57900.0,57400.0,57650.0,2886628
2025-06-04 11:00:00+09:00,57650.0,57700.0,57400.0,57550.0,1334369
2025-06-04 12:00:00+09:00,57550.0,57800.0,57500.0,57700.0,1794568
2025-06-04 13:00:00+09:00,57600.0,57700.0,57400.0,57600.0,1373247
2025-06-04 14:00:00+09:00,57600.0,57800.0,57400.0,57700.0,2347307
2025-06-05 09:00:00+09:00,58100.0,58800.0,57900.0,58750.0,5222527
2025-06-05 10:00:00+09:00,58750.0,59900.0,58700.0,59800.0,6766439
2025-06-05 11:00:00+09:00,59850.0,59900.0,59100.0,59300.0,2972594
2025-06-05 12:00:00+09:00,59300.0,59400.0,58900.0,58900.0,1728501
2025-06-05 13:00:00+09:00,58950.0,59200.0,58800.0,58850.0,2090878
2025-06-05 14:00:00+09:00,58800.0,59100.0,58500.0,58950.0,2262453
2025-06-09 09:00:00+09:00,60400.0,60400.0,59600.0,60000.0,0
2025-06-09 10:00:00+09:00,59900.0,60400.0,59900.0,60400.0,3843137
2025-06-09 11:00:00+09:00,60400.0,60400.0,60200.0,60300.0,1884564
2025-06-09 12:00:00+09:00,60300.0,60400.0,59900.0,59900.0,2079799
2025-06-09 13:00:00+09:00,59950.0,60000.0,59700.0,59800.0,1745510
2025-06-09 14:00:00+09:00,59750.0,59800.0,59600.0,59650.0,1460301
2025-06-10 09:00:00+09:00,60000.0,60100.0,59000.0,59100.0,4854474
2025-06-10 10:00:00+09:00,59100.0,59400.0,59100.0,59200.0,1221492
2025-06-10 11:00:00+09:00,59250.0,59300.0,59000.0,59000.0,1290470
2025-06-10 12:00:00+09:00,59000.0,59200.0,58800.0,59000.0,1829792
2025-06-10 13:00:00+09:00,59050.0,59400.0,59000.0,59150.0,1727602
2025-06-10 14:00:00+09:00,59150.0,59400.0,59000.0,59050.0,2098622
2025-06-11 09:00:00+09:00,59500.0,60100.0,59500.0,59750.0,4035802
2025-06-11 10:00:00+09:00,59750.0,59800.0,59400.0,59750.0,1792949
2025-06-11 11:00:00+09:00,59750.0,59900.0,59400.0,59500.0,1442345
2025-06-11 12:00:00+09:00,59550.0,59900.0,59500.0,59800.0,1159478
2025-06-11 13:00:00+09:00,59800.0,60000.0,59700.0,59700.0,1932933
2025-06-11 14:00:00+09:00,59750.0,60000.0,59700.0,59700.0,1506074
2025-06-12 09:00:00+09:00,59700.0,60000.0,59300.0,59500.0,3638127
2025-06-12 10:00:00+09:00,59500.0,59800.0,59400.0,59500.0,1983104
2025-06-12 11:00:00+09:00,59500.0,59600.0,59400.0,59500.0,969592
2025-06-12 12:00:00+09:00,59600.0,59900.0,59500.0,59650.0,1573421
2025-06-12 13:00:00+09:00,59650.0,59800.0,59600.0,59600.0,1052381
2025-06-12 14:00:00+09:00,59600.0,59700.0,59400.0,59500.0,1912911
2025-06-13 09:00:00+09:00,60200.0,60200.0,58200.0,58300.0,7568655
2025-06-13 10:00:00+09:00,58300.0,58600.0,58200.0,58400.0,2059152
2025-06-13 11:00:00+09:00,58400.0,58500.0,57900.0,58100.0,2557175
2025-06-13 12:00:00+09:00,58050.0,58200.0,57900.0,58100.0,1637343
2025-06-13 13:00:00+09:00,58100.0,58200.0,57700.0,57700.0,1932992
2025-06-13 14:00:00+09:00,57700.0,58100.0,57700.0,58000.0,1782467
2025-06-16 09:00:00+09:00,58000.0,58100.0,57000.0,57000.0,0
2025-06-16 10:00:00+09:00,57000.0,57300.0,56900.0,57150.0,3481451
2025-06-16 11:00:00+09:00,57200.0,57300.0,57000.0,57250.0,2280105
2025-06-16 12:00:00+09:00,57300.0,57300.0,57000.0,57100.0,1252961
2025-06-16 13:00:00+09:00,57100.0,57200.0,57000.0,57200.0,2456893
2025-06-16 14:00:00+09:00,57200.0,57600.0,57100.0,57250.0,3720757
2025-06-17 09:00:00+09:00,57800.0,59800.0,57400.0,59250.0,10961812
2025-06-17 10:00:00+09:00,59250.0,59600.0,58600.0,58650.0,3007520
2025-06-17 11:00:00+09:00,58650.0,58800.0,58100.0,58800.0,3664139
2025-06-17 12:00:00+09:00,58800.0,58900.0,58600.0,58700.0,1596719
2025-06-17 13:00:00+09:00,58700.0,58900.0,58300.0,58600.0,2030107
2025-06-17 14:00:00+09:00,58600.0,58900.0,57900.0,58100.0,3648746
2025-06-18 09:00:00+09:00,58000.0,59000.0,57900.0,58800.0,4250755
2025-06-18 10:00:00+09:00,58800.0,59500.0,58800.0,59100.0,3324285
2025-06-18 11:00:00+09:00,59100.0,59600.0,58800.0,59200.0,2216928
2025-06-18 12:00:00+09:00,59200.0,59300.0,59100.0,59150.0,1085513
2025-06-18 13:00:00+09:00,59150.0,59400.0,59000.0,59400.0,1490295
2025-06-18 14:00:00+09:00,59400.0,59600.0,59300.0,59500.0,2266795
2025-06-19 09:00:00+09:00,60500.0,60600.0,59300.0,59400.0,5660032
2025-06-19 10:00:00+09:00,59400.0,59700.0,59000.0,59300.0,2955029
2025-06-19 11:00:00+09:00,59300.0,59500.0,59100.0,59250.0,1298488
2025-06-19 12:00:00+09:00,59200.0,59700.0,59200.0,59650.0,1002184
2025-06-19 13:00:00+09:00,59650.0,59650.0,59200.0,59450.0,1621145
2025-06-19 14:00:00+09:00,59450.0,59500.0,59100.0,59300.0,1952579
2025-06-20 09:00:00+09:00,59300.0,59600.0,59100.0,59450.0,3321277
2025-06-20 10:00:00+09:00,59450.0,59600.0,59300.0,59450.0,1076772
2025-06-20 11:00:00+09:00,59500.0,59800.0,59400.0,59550.0,2057638
2025-06-20 12:00:00+09:00,59550.0,59700.0,59400.0,59600.0,1221152
2025-06-20 13:00:00+09:00,59500.0,59600.0,59200.0,59300.0,2223860
2025-06-20 14:00:00+09:00,59250.0,59400.0,59200.0,59350.0,1578558
2025-06-23 09:00:00+09:00,58400.0,58500.0,57600.0,58000.0,0
2025-06-23 10:00:00+09:00,57900.0,58000.0,57700.0,57900.0,2274080
2025-06-23 11:00:00+09:00,57900.0,58200.0,57800.0,58050.0,2705256
2025-06-23 12:00:00+09:00,58000.0,58400.0,57900.0,58250.0,1635890
2025-06-23 13:00:00+09:00,58200.0,58400.0,58100.0,58100.0,937749
2025-06-23 14:00:00+09:00,58100.0,58300.0,58000.0,58100.0,1502590
2025-06-24 09:00:00+09:00,59300.0,60600.0,59300.0,59850.0,8183180
2025-06-24 10:00:00+09:00,59900.0,60400.0,59800.0,60200.0,3634847
2025-06-24 11:00:00+09:00,60300.0,60300.0,59800.0,60200.0,1986946
2025-06-24 12:00:00+09:00,60150.0,60400.0,60100.0,60100.0,2478280
2025-06-24 13:00:00+09:00,60150.0,60200.0,60000.0,60200.0,1698955
2025-06-24 14:00:00+09:00,60200.0,60200.0,60000.0,60100.0,1863371
2025-06-25 09:00:00+09:00,61500.0,61600.0,60400.0,60750.0,7303441
2025-06-25 10:00:00+09:00,60800.0,60800.0,60400.0,60500.0,2146420
2025-06-25 11:00:00+09:00,60500.0,60800.0,60300.0,60400.0,1654315
2025-06-25 12:00:00+09:00,60400.0,60700.0,60300.0,60600.0,1341716
2025-06-25 13:00:00+09:00,60550.0,60700.0,60400.0,60650.0,1794217
2025-06-25 14:00:00+09:00,60650.0,61400.0,60500.0,61200.0,4610557
2025-06-26 09:00:00+09:00,61300.0,61300.0,60200.0,60800.0,6388940
2025-06-26 10:00:00+09:00,60700.0,60800.0,60100.0,60100.0,2719478
2025-06-26 11:00:00+09:00,60100.0,60500.0,59900.0,59950.0,2713917
2025-06-26 12:00:00+09:00,60000.0,60300.0,59900.0,60200.0,1522531
2025-06-26 13:00:00+09:00,60200.0,60500.0,60100.0,60450.0,1281418
2025-06-26 14:00:00+09:00,60450.0,60500.0,60200.0,60350.0,1720370
2025-06-27 09:00:00+09:00,60100.0,60900.0,60000.0,60350.0,5013055
2025-06-27 10:00:00+09:00,60300.0,60700.0,60300.0,60700.0,1526027
2025-06-27 11:00:00+09:00,60700.0,61600.0,60650.0,61200.0,4388563
2025-06-27 12:00:00+09:00,61200.0,61200.0,60800.0,61100.0,1238248
2025-06-27 13:00:00+09:00,61100.0,61200.0,60500.0,60600.0,1747140
2025-06-27 14:00:00+09:00,60600.0,60800.0,60400.0,60700.0,1611609
2025-06-30 09:00:00+09:00,61200.0,61200.0,60100.0,60500.0,0
2025-06-30 10:00:00+09:00,60500.0,60700.0,60300.0,60400.0,1546257
2025-06-30 11:00:00+09:00,60300.0,60500.0,60200.0,60250.0,1238545
2025-06-30 12:00:00+09:00,60250.0,60500.0,60200.0,60450.0,1301571
2025-06-30 13:00:00+09:00,60400.0,60450.0,60100.0,60200.0,1939867
2025-06-30 14:00:00+09:00,60200.0,60200.0,60000.0,60000.0,2303505
2025-07-01 09:00:00+09:00,60400.0,61100.0,60200.0,60550.0,4771657
2025-07-01 10:00:00+09:00,60550.0,61000.0,60500.0,60850.0,1770031
2025-07-01 11:00:00+09:00,60850.0,60900.0,60700.0,60750.0,1115178
2025-07-01 12:00:00+09:00,60750.0,60800.0,60500.0,60500.0,1217632
2025-07-01 13:00:00+09:00,60600.0,60600.0,60300.0,60400.0,1257681
2025-07-01 14:00:00+09:00,60400.0,60600.0,60300.0,60500.0,1409827
2025-07-02 09:00:00+09:00,60200.0,60400.0,59800.0,59950.0,4926278
2025-07-02 10:00:00+09:00,59950.0,60800.0,59900.0,60350.0,3135988
2025-07-02 11:00:00+09:00,60400.0,60700.0,60300.0,60700.0,1340865
2025-07-02 12:00:00+09:00,60700.0,60700.0,60500.0,60700.0,821223
2025-07-02 13:00:00+09:00,60600.0,60800.0,60600.0,60650.0,1220074
2025-07-02 14:00:00+09:00,60650.0,60700.0,60500.0,60550.0,1316895
2025-07-03 09:00:00+09:00,61300.0,62700.0,61100.0,62300.0,10957105
2025-07-03 10:00:00+09:00,62400.0,62600.0,62200.0,62300.0,2962174
2025-07-03 11:00:00+09:00,62250.0,62400.0,62000.0,62350.0,2080948
2025-07-03 12:00:00+09:00,62300.0,62600.0,62300.0,62550.0,2238330
2025-07-03 13:00:00+09:00,62550.0,63000.0,62550.0,62800.0,3847456
2025-07-03 14:00:00+09:00,62800.0,63500.0,62700.0,63500.0,4346223
2025-07-04 09:00:00+09:00,64700.0,64700.0,63100.0,64000.0,9327097
2025-07-04 10:00:00+09:00,64000.0,64000.0,63500.0,63800.0,2721588
2025-07-04 11:00:00+09:00,63800.0,63900.0,63000.0,63200.0,2898413
2025-07-04 12:00:00+09:00,63200.0,63500.0,63100.0,63250.0,1408189
2025-07-04 13:00:00+09:00,63300.0,63300.0,63000.0,63200.0,1766025
2025-07-04 14:00:00+09:00,63200.0,63700.0,63150.0,63350.0,2696811
2025-07-07 09:00:00+09:00,62900.0,62900.0,62200.0,62600.0,0
2025-07-07 10:00:00+09:00,62600.0,63300.0,62300.0,62450.0,2493110
2025-07-07 11:00:00+09:00,62450.0,62600.0,62200.0,62400.0,1534277
2025-07-07 12:00:00+09:00,62400.0,62600.0,62300.0,62400.0,1013481
2025-07-07 13:00:00+09:00,62450.0,62600.0,62000.0,62100.0,2764714
2025-07-07 14:00:00+09:00,62000.0,62300.0,61700.0,61900.0,2503910
2025-07-08 09:00:00+09:00,61600.0,62400.0,61000.0,61800.0,7125855
2025-07-08 10:00:00+09:00,61800.0,62000.0,61000.0,61100.0,3704382
2025-07-08 11:00:00+09:00,61100.0,61800.0,61100.0,61800.0,1894277
2025-07-08 12:00:00+09:00,61700.0,61750.0,61400.0,61500.0,1261215
2025-07-08 13:00:00+09:00,61400.0,61500.0,61200.0,61300.0,1482884
2025-07-08 14:00:00+09:00,61200.0,61400.0,61200.0,61400.0,2261963
2025-07-09 09:00:00+09:00,61400.0,61400.0,60200.0,60400.0,6883373
2025-07-09 10:00:00+09:00,60350.0,60700.0,60300.0,60550.0,1986034
2025-07-09 11:00:00+09:00,60500.0,60600.0,60300.0,60400.0,1674601
2025-07-09 12:00:00+09:00,60450.0,60900.0,60400.0,60700.0,1595949
2025-07-09 13:00:00+09:00,60700.0,60900.0,60600.0,60600.0,1314815
2025-07-09 14:00:00+09:00,60600.0,60700.0,60500.0,60600.0,1151067
2025-07-10 09:00:00+09:00,60600.0,61100.0,60400.0,60800.0,3698676
2025-07-10 10:00:00+09:00,60750.0,60900.0,60700.0,60800.0,1343988
2025-07-10 11:00:00+09:00,60750.0,61100.0,60700.0,61000.0,1344658
2025-07-10 12:00:00+09:00,60950.0,61000.0,60600.0,60800.0,1409254
2025-07-10 13:00:00+09:00,60900.0,61100.0,60800.0,61100.0,1428930
2025-07-10 14:00:00+09:00,61100.0,61200.0,60800.0,61000.0,1607472
2025-07-11 09:00:00+09:00,61300.0,62800.0,61200.0,62200.0,6723691
2025-07-11 10:00:00+09:00,62200.0,62700.0,62000.0,62300.0,2782483
2025-07-11 11:00:00+09:00,62300.0,62600.0,62100.0,62500.0,2136804
2025-07-11 12:00:00+09:00,62500.0,62700.0,62400.0,62400.0,1235347
2025-07-11 13:00:00+09:00,62500.0,62800.0,62400.0,62700.0,1602944
2025-07-11 14:00:00+09:00,62700.0,62800.0,62400.0,62500.0,1984365
2025-07-14 09:00:00+09:00,62300.0,62600.0,61800.0,62200.0,0
2025-07-14 10:00:00+09:00,62200.0,62500.0,61900.0,62000.0,1578685
2025-07-14 11:00:00+09:00,62000.0,62200.0,61900.0,62000.0,1170207
2025-07-14 12:00:00+09:00,62100.0,62400.0,62000.0,62200.0,1453640
2025-07-14 13:00:00+09:00,62300.0,62300.0,62000.0,62250.0,1805912
2025-07-14 14:00:00+09:00,62250.0,62500.0,62200.0,62400.0,1616316
2025-07-15 09:00:00+09:00,62300.0,63300.0,62000.0,62900.0,4780219
2025-07-15 10:00:00+09:00,62900.0,63300.0,62700.0,63150.0,2494624
2025-07-15 11:00:00+09:00,63100.0,63400.0,63000.0,63200.0,2308270
2025-07-15 12:00:00+09:00,63200.0,63300.0,63000.0,63100.0,1387940
2025-07-15 13:00:00+09:00,63200.0,63400.0,63100.0,63300.0,1591598
2025-07-15 14:00:00+09:00,63300.0,63600.0,63200.0,63500.0,2825927
2025-07-16 09:00:00+09:00,63700.0,64200.0,63100.0,63850.0,5973704
2025-07-16 10:00:00+09:00,63850.0,64300.0,63700.0,64200.0,2715188
2025-07-16 11:00:00+09:00,64150.0,64600.0,64100.0,64500.0,3232957
2025-07-16 12:00:00+09:00,64500.0,64700.0,64400.0,64600.0,2326915
2025-07-16 13:00:00+09:00,64500.0,64700.0,64200.0,64400.0,2332732
2025-07-16 14:00:00+09:00,64450.0,64600.0,64100.0,64300.0,2367653
2025-07-17 09:00:00+09:00,65900.0,66000.0,64400.0,65050.0,10526598
2025-07-17 10:00:00+09:00,65100.0,65900.0,65000.0,65650.0,5949589
2025-07-17 11:00:00+09:00,65700.0,66200.0,65000.0,65600.0,5831956
2025-07-17 12:00:00+09:00,65600.0,65900.0,65400.0,65900.0,2575614
2025-07-17 13:00:00+09:00,65900.0,66700.0,65800.0,66700.0,5489586
2025-07-17 14:00:00+09:00,66700.0,66800.0,66300.0,66450.0,4520607
2025-07-18 09:00:00+09:00,67000.0,67500.0,66700.0,67400.0,7008692
2025-07-18 10:00:00+09:00,67400.0,67800.0,66300.0,66550.0,5650838
2025-07-18 11:00:00+09:00,66550.0,67300.0,66500.0,67300.0,2630051
2025-07-18 12:00:00+09:00,67200.0,67400.0,67000.0,67150.0,1840078
2025-07-18 13:00:00+09:00,67150.0,67200.0,67000.0,67100.0,1455052
2025-07-18 14:00:00+09:00,67000.0,67300.0,67000.0,67300.0,1741921
2025-07-21 09:00:00+09:00,67400.0,68800.0,67200.0,67900.0,0
2025-07-21 10:00:00+09:00,67900.0,68100.0,67700.0,67900.0,1467500
2025-07-21 11:00:00+09:00,67900.0,68000.0,67800.0,67900.0,1007847
2025-07-21 12:00:00+09:00,67900.0,68100.0,67800.0,68000.0,1177711
2025-07-21 13:00:00+09:00,67900.0,68200.0,67600.0,67950.0,2295816
2025-07-21 14:00:00+09:00,68000.0,68000.0,67600.0,67700.0,1580768
2025-07-22 09:00:00+09:00,68100.0,68500.0,67400.0,67500.0,4400063
2025-07-22 10:00:00+09:00,67500.0,67600.0,67000.0,67350.0,2355172
2025-07-22 11:00:00+09:00,67400.0,67400.0,67000.0,67100.0,1426185
2025-07-22 12:00:00+09:00,67050.0,67100.0,66400.0,66450.0,2868431
2025-07-22 13:00:00+09:00,66400.0,66600.0,65700.0,66050.0,4500875
2025-07-22 14:00:00+09:00,66000.0,66100.0,65600.0,66000.0,2948359
2025-07-23 09:00:00+09:00,66200.0,66500.0,65000.0,65050.0,5368926
2025-07-23 10:00:00+09:00,65050.0,66200.0,64900.0,65900.0,3272767
2025-07-23 11:00:00+09:00,65950.0,66000.0,65500.0,65700.0,1204276
2025-07-23 12:00:00+09:00,65700.0,66300.0,65700.0,66100.0,1050510
2025-07-23 13:00:00+09:00,66200.0,66250.0,65800.0,66050.0,1272060
2025-07-23 14:00:00+09:00,66050.0,66400.0,66000.0,66300.0,1463978
2025-07-24 09:00:00+09:00,66500.0,66800.0,66200.0,66250.0,4303259
2025-07-24 10:00:00+09:00,66250.0,66700.0,66000.0,66500.0,1933110
2025-07-24 11:00:00+09:00,66500.0,66700.0,66100.0,66200.0,1324950
2025-07-24 12:00:00+09:00,66200.0,66400.0,66100.0,66150.0,1010732
2025-07-24 13:00:00+09:00,66100.0,66300.0,66000.0,66250.0,966763
2025-07-24 14:00:00+09:00,66300.0,66300.0,66000.0,66050.0,949046
2025-07-25 09:00:00+09:00,65700.0,66000.0,65500.0,65800.0,2227875
2025-07-25 10:00:00+09:00,65800.0,66200.0,65700.0,66100.0,942145
2025-07-25 11:00:00+09:00,66100.0,66200.0,65900.0,66100.0,710967
2025-07-25 12:00:00+09:00,66100.0,66200.0,66000.0,66100.0,806700
2025-07-25 13:00:00+09:00,66100.0,66300.0,65900.0,65950.0,840673
2025-07-25 14:00:00+09:00,65900.0,66100.0,65600.0,65600.0,1134569
2025-07-28 09:00:00+09:00,68200.0,68200.0,67200.0,67750.0,0
2025-07-28 10:00:00+09:00,67750.0,68000.0,67500.0,67800.0,3011724
2025-07-28 11:00:00+09:00,67850.0,68000.0,67500.0,67900.0,2122301
2025-07-28 12:00:00+09:00,67850.0,68000.0,67800.0,68000.0,1941509
2025-07-28 13:00:00+09:00,68000.0,69700.0,67900.0,69600.0,9090088
2025-07-28 14:00:00+09:00,69600.0,69900.0,69400.0,69900.0,5549426
2025-07-29 09:00:00+09:00,70800.0,70800.0,68800.0,69900.0,11445579
2025-07-29 10:00:00+09:00,69900.0,70600.0,69600.0,70100.0,3607994
2025-07-29 11:00:00+09:00,70200.0,70700.0,70100.0,70700.0,2297512
2025-07-29 12:00:00+09:00,70700.0,70800.0,70200.0,70400.0,2678281
2025-07-29 13:00:00+09:00,70400.0,70500.0,70000.0,70200.0,2731122
2025-07-29 14:00:00+09:00,70200.0,70600.0,70200.0,70500.0,2149248
2025-07-30 09:00:00+09:00,71000.0,72400.0,70600.0,72400.0,9652729
2025-07-30 10:00:00+09:00,72350.0,72400.0,71700.0,72300.0,3094944
2025-07-30 11:00:00+09:00,72350.0,72900.0,72200.0,72800.0,3673687
2025-07-30 12:00:00+09:00,72800.0,73000.0,72600.0,72900.0,2686834
2025-07-30 13:00:00+09:00,72850.0,73400.0,72800.0,73400.0,4595511
2025-07-30 14:00:00+09:00,73400.0,73700.0,73300.0,73700.0,4386058
2025-07-31 09:00:00+09:00,73000.0,74000.0,71500.0,71800.0,8945993
2025-07-31 10:00:00+09:00,71850.0,72200.0,71100.0,71300.0,5317121
2025-07-31 11:00:00+09:00,71400.0,71900.0,71200.0,71600.0,1949095
2025-07-31 12:00:00+09:00,71650.0,71700.0,71200.0,71300.0,1986607
2025-07-31 13:00:00+09:00,71400.0,71700.0,71200.0,71500.0,2055895
2025-07-31 14:00:00+09:00,71500.0,71600.0,71000.0,71100.0,2766740
2025-08-01 09:00:00+09:00,70200.0,72000.0,70000.0,70900.0,6467142
2025-08-01 10:00:00+09:00,70900.0,70900.0,70000.0,70000.0,3926558
2025-08-01 11:00:00+09:00,70100.0,70500.0,70000.0,70000.0,1544581
2025-08-01 12:00:00+09:00,70000.0,70100.0,69400.0,69500.0,2824740
2025-08-01 13:00:00+09:00,69400.0,69600.0,69200.0,69200.0,2507180
2025-08-01 14:00:00+09:00,69250.0,69400.0,68900.0,68900.0,3716584
2025-08-04 09:00:00+09:00,69500.0,70100.0,68700.0,70000.0,0
2025-08-04 10:00:00+09:00,69900.0,70200.0,69600.0,69600.0,1895000
2025-08-04 11:00:00+09:00,69700.0,70000.0,69600.0,69800.0,1354908
2025-08-04 12:00:00+09:00,69800.0,69900.0,69700.0,69800.0,1003041
2025-08-04 13:00:00+09:00,69750.0,70000.0,69750.0,69900.0,1362671
2025-08-04 14:00:00+09:00,69950.0,70000.0,69700.0,69850.0,1868700
2025-08-05 09:00:00+09:00,71000.0,71500.0,70300.0,70450.0,4620856
2025-08-05 10:00:00+09:00,70450.0,70600.0,69800.0,70200.0,2731172
2025-08-05 11:00:00+09:00,70150.0,70400.0,69700.0,69750.0,1458432
2025-08-05 12:00:00+09:00,69750.0,70100.0,69700.0,70000.0,1163364
2025-08-05 13:00:00+09:00,70000.0,70200.0,69800.0,70200.0,1294108
2025-08-05 14:00:00+09:00,70200.0,70300.0,70000.0,70150.0,1401325
2025-08-06 09:00:00+09:00,69200.0,69400.0,68300.0,68400.0,4359484
2025-08-06 10:00:00+09:00,68400.0,69200.0,68300.0,69100.0,2020547
2025-08-06 11:00:00+09:00,69100.0,69200.0,68800.0,69000.0,1255393
2025-08-06 12:00:00+09:00,69000.0,69000.0,68500.0,68600.0,1343644
2025-08-06 13:00:00+09:00,68600.0,69000.0,68600.0,68800.0,1209135
2025-08-06 14:00:00+09:00,68900.0,69100.0,68800.0,69050.0,1104457
2025-08-07 09:00:00+09:00,70800.0,71000.0,69700.0,70300.0,6482132
2025-08-07 10:00:00+09:00,70300.0,70700.0,70200.0,70300.0,1802906
2025-08-07 11:00:00+09:00,70300.0,70300.0,70000.0,70100.0,1066463
2025-08-07 12:00:00+09:00,70200.0,70300.0,70000.0,70000.0,941771
2025-08-07 13:00:00+09:00,70000.0,70300.0,70000.0,70100.0,1362450
2025-08-07 14:00:00+09:00,70100.0,70400.0,70000.0,70300.0,1505393
2025-08-08 09:00:00+09:00,71000.0,72000.0,70700.0,72000.0,6627174
2025-08-08 10:00:00+09:00,71900.0,72000.0,71600.0,71850.0,2915562
2025-08-08 11:00:00+09:00,71900.0,72400.0,71700.0,72200.0,3558304
2025-08-08 12:00:00+09:00,72250.0,72300.0,71600.0,71700.0,2041702
2025-08-08 13:00:00+09:00,71800.0,71900.0,71400.0,71500.0,1936537
2025-08-08 14:00:00+09:00,71450.0,71700.0,71000.0,71400.0,2646915
2025-08-11 09:00:00+09:00,72000.0,72100.0,71000.0,71250.0,0
2025-08-11 10:00:00+09:00,71250.0,71300.0,70800.0,71200.0,1973639
2025-08-11 11:00:00+09:00,71200.0,71300.0,70900.0,71100.0,1191660
2025-08-11 12:00:00+09:00,71150.0,71300.0,71100.0,71150.0,613913
2025-08-11 13:00:00+09:00,71100.0,71200.0,70900.0,71050.0,1240592
2025-08-11 14:00:00+09:00,71050.0,71300.0,71000.0,71200.0,1217735
2025-08-12 09:00:00+09:00,71100.0,71700.0,71100.0,71350.0,2213684
2025-08-12 10:00:00+09:00,71350.0,72400.0,71300.0,72000.0,3824759
2025-08-12 11:00:00+09:00,72000.0,72200.0,71700.0,71900.0,1395057
2025-08-12 12:00:00+09:00,71900.0,72000.0,71500.0,71600.0,1589538
2025-08-12 13:00:00+09:00,71600.0,72000.0,71400.0,71700.0,2125849
2025-08-12 14:00:00+09:00,71650.0,71700.0,71200.0,71250.0,2189433
2025-08-13 09:00:00+09:00,71900.0,72100.0,71400.0,71500.0,3245622
2025-08-13 10:00:00+09:00,71500.0,71900.0,71500.0,71700.0,1711896
2025-08-13 11:00:00+09:00,71800.0,72000.0,71600.0,71850.0,1572969
2025-08-13 12:00:00+09:00,71850.0,71900.0,71600.0,71700.0,1221368
2025-08-13 13:00:00+09:00,71750.0,71900.0,71600.0,71750.0,1413613
2025-08-13 14:00:00+09:00,71700.0,71900.0,71700.0,71700.0,1294155
2025-08-14 09:00:00+09:00,71900.0,71900.0,71200.0,71350.0,2376997
2025-08-14 10:00:00+09:00,71400.0,71800.0,71300.0,71700.0,1476401
2025-08-14 11:00:00+09:00,71700.0,71800.0,71500.0,71600.0,1095744
2025-08-14 12:00:00+09:00,71600.0,71650.0,71300.0,71400.0,827873
2025-08-14 13:00:00+09:00,71400.0,71700.0,71400.0,71550.0,1291129
2025-08-14 14:00:00+09:00,71550.0,71800.0,71500.0,71500.0,1112831
2025-08-18 09:00:00+09:00,71100.0,71200.0,70000.0,70300.0,0
2025-08-18 10:00:00+09:00,70400.0,70700.0,70250.0,70300.0,1350235
2025-08-18 11:00:00+09:00,70400.0,70500.0,70200.0,70200.0,1068774
2025-08-18 12:00:00+09:00,70200.0,70600.0,70200.0,70400.0,987062
2025-08-18 13:00:00+09:00,70400.0,70600.0,70400.0,70600.0,1087264
2025-08-18 14:00:00+09:00,70600.0,70700.0,70300.0,70350.0,1541810
2025-08-19 09:00:00+09:00,70400.0,70700.0,69700.0,70300.0,3401011
2025-08-19 10:00:00+09:00,70250.0,70500.0,70200.0,70200.0,1055415
2025-08-19 11:00:00+09:00,70300.0,70500.0,70200.0,70200.0,787140
2025-08-19 12:00:00+09:00,70200.0,70500.0,70200.0,70400.0,672077
2025-08-19 13:00:00+09:00,70450.0,70500.0,70200.0,70200.0,874877
2025-08-19 14:00:00+09:00,70200.0,70300.0,69800.0,69900.0,1752239
2025-08-20 09:00:00+09:00,70100.0,70700.0,69400.0,70300.0,6178071
2025-08-20 10:00:00+09:00,70300.0,70700.0,70000.0,70200.0,2835298
2025-08-20 11:00:00+09:00,70300.0,70400.0,70000.0,70200.0,1762165
2025-08-20 12:00:00+09:00,70200.0,70200.0,69800.0,69900.0,1242704
2025-08-20 13:00:00+09:00,69900.0,70300.0,69800.0,70050.0,1774356
2025-08-20 14:00:00+09:00,70050.0,70600.0,69900.0,70550.0,1975875
2025-08-21 09:00:00+09:00,71500.0,71900.0,71000.0,71700.0,5697279
2025-08-21 10:00:00+09:00,71600.0,71900.0,71300.0,71800.0,2983790
2025-08-21 11:00:00+09:00,71800.0,71900.0,71600.0,71700.0,1501719
2025-08-21 12:00:00+09:00,71750.0,71800.0,71550.0,71800.0,1655919
2025-08-21 13:00:00+09:00,71800.0,71800.0,71100.0,71200.0,2476038
2025-08-21 14:00:00+09:00,71200.0,71300.0,70800.0,71050.0,2327918
2025-08-22 09:00:00+09:00,71700.0,71800.0,71200.0,71500.0,3275728
2025-08-22 10:00:00+09:00,71500.0,71600.0,71200.0,71400.0,1422047
2025-08-22 11:00:00+09:00,71300.0,71500.0,71300.0,71350.0,642364
2025-08-22 12:00:00+09:00,71350.0,71400.0,71100.0,71100.0,600769
2025-08-22 13:00:00+09:00,71100.0,71300.0,70800.0,71100.0,1242905
2025-08-22 14:00:00+09:00,71100.0,71400.0,71100.0,71200.0,957315
2025-08-25 09:00:00+09:00,71700.0,71800.0,71000.0,71350.0,0
2025-08-25 10:00:00+09:00,71300.0,71400.0,71100.0,71300.0,1723605
2025-08-25 11:00:00+09:00,71250.0,71600.0,71200.0,71400.0,940206
2025-08-25 12:00:00+09:00,71400.0,71450.0,71200.0,71350.0,954717
2025-08-25 13:00:00+09:00,71350.0,71400.0,71200.0,71250.0,896430
2025-08-25 14:00:00+09:00,71200.0,71300.0,71200.0,71200.0,941126
2025-08-26 09:00:00+09:00,70800.0,71100.0,70300.0,70500.0,3699285
2025-08-26 10:00:00+09:00,70500.0,70700.0,70400.0,70500.0,1515011
2025-08-26 11:00:00+09:00,70500.0,70700.0,70300.0,70450.0,1474158
2025-08-26 12:00:00+09:00,70400.0,70900.0,70300.0,70800.0,1154458
2025-08-26 13:00:00+09:00,70750.0,71000.0,70500.0,70700.0,1332784
2025-08-26 14:00:00+09:00,70650.0,70900.0,70400.0,70600.0,1592516
2025-08-27 09:00:00+09:00,70100.0,70500.0,69800.0,70200.0,3693978
2025-08-27 10:00:00+09:00,70300.0,70700.0,70200.0,70600.0,1652453
2025-08-27 11:00:00+09:00,70650.0,70700.0,70500.0,70550.0,1023380
2025-08-27 12:00:00+09:00,70600.0,70900.0,70500.0,70700.0,1447191
2025-08-27 13:00:00+09:00,70700.0,70800.0,70600.0,70650.0,555432
2025-08-27 14:00:00+09:00,70600.0,70700.0,70400.0,70550.0,1031073
2025-08-28 09:00:00+09:00,70100.0,70400.0,69900.0,70200.0,2039233
2025-08-28 10:00:00+09:00,70200.0,70300.0,70000.0,70100.0,897545
2025-08-28 11:00:00+09:00,70200.0,70300.0,70000.0,70100.0,1117612
2025-08-28 12:00:00+09:00,70200.0,70300.0,70000.0,70100.0,1229892
2025-08-28 13:00:00+09:00,70100.0,70300.0,70000.0,70200.0,1176222
2025-08-28 14:00:00+09:00,70100.0,70200.0,69800.0,69850.0,2547065
2025-08-29 09:00:00+09:00,70100.0,70500.0,69800.0,69950.0,2772991
2025-08-29 10:00:00+09:00,69900.0,70100.0,69800.0,70000.0,1541555
2025-08-29 11:00:00+09:00,69900.0,70000.0,69800.0,69900.0,1040180
2025-08-29 12:00:00+09:00,69900.0,70000.0,69800.0,69950.0,745565
2025-08-29 13:00:00+09:00,69900.0,70200.0,69900.0,70000.0,1150755
2025-08-29 14:00:00+09:00,70100.0,70300.0,69800.0,69900.0,1408156
2025-09-01 09:00:00+09:00,68400.0,68500.0,67800.0,68500.0,0
2025-09-01 10:00:00+09:00,68400.0,68600.0,68200.0,68450.0,1058084
2025-09-01 11:00:00+09:00,68450.0,68500.0,68000.0,68050.0,1084815
2025-09-01 12:00:00+09:00,68050.0,68100.0,67800.0,68000.0,1372362
2025-09-01 13:00:00+09:00,68000.0,68200.0,67600.0,67650.0,2143641
2025-09-01 14:00:00+09:00,67650.0,67800.0,67500.0,67600.0,1740047
2025-09-02 09:00:00+09:00,67800.0,69200.0,67800.0,68950.0,3353348
2025-09-02 10:00:00+09:00,68950.0,69300.0,68900.0,69100.0,1329427
2025-09-02 11:00:00+09:00,69050.0,69200.0,68900.0,69000.0,1003604
2025-09-02 12:00:00+09:00,69000.0,69300.0,68900.0,69200.0,732936
2025-09-02 13:00:00+09:00,69200.0,69500.0,69100.0,69300.0,1222764
2025-09-02 14:00:00+09:00,69300.0,69350.0,68900.0,69050.0,1351404
2025-09-03 09:00:00+09:00,69200.0,69500.0,68800.0,69300.0,2942934
2025-09-03 10:00:00+09:00,69250.0,69700.0,69200.0,69600.0,1197650
2025-09-03 11:00:00+09:00,69700.0,69800.0,69400.0,69600.0,1293482
2025-09-03 12:00:00+09:00,69600.0,69800.0,69300.0,69800.0,1169915
2025-09-03 13:00:00+09:00,69750.0,69800.0,69400.0,69500.0,1176054
2025-09-03 14:00:00+09:00,69600.0,69700.0,69400.0,69500.0,1076325
2025-09-04 09:00:00+09:00,69500.0,69900.0,69300.0,69550.0,3363948
2025-09-04 10:00:00+09:00,69550.0,69700.0,69400.0,69600.0,1627778
2025-09-04 11:00:00+09:00,69500.0,69700.0,69400.0,69400.0,1418681
2025-09-04 12:00:00+09:00,69400.0,69600.0,69400.0,69500.0,981864
2025-09-04 13:00:00+09:00,69500.0,69700.0,69400.0,69600.0,1429605
2025-09-04 14:00:00+09:00,69650.0,69900.0,69500.0,69800.0,1360217
2025-09-05 09:00:00+09:00,70300.0,70400.0,69700.0,69850.0,3083197
2025-09-05 10:00:00+09:00,69800.0,69900.0,69500.0,69700.0,1803729
2025-09-05 11:00:00+09:00,69700.0,69800.0,69500.0,69650.0,1353630
2025-09-05 12:00:00+09:00,69700.0,69900.0,69600.0,69750.0,936804
2025-09-05 13:00:00+09:00,69750.0,69900.0,69700.0,69800.0,910776
2025-09-05 14:00:00+09:00,69750.0,70000.0,69600.0,69700.0,1535459
2025-09-08 09:00:00+09:00,69800.0,70500.0,69800.0,70000.0,0
2025-09-08 10:00:00+09:00,70100.0,70200.0,69800.0,69850.0,1232738
2025-09-08 11:00:00+09:00,69850.0,70000.0,69800.0,69900.0,905686
2025-09-08 12:00:00+09:00,69900.0,70000.0,69700.0,69900.0,722019
2025-09-08 13:00:00+09:00,69850.0,70000.0,69600.0,69700.0,963761
2025-09-08 14:00:00+09:00,69700.0,69900.0,69700.0,69850.0,698212
2025-09-09 09:00:00+09:00,70100.0,70500.0,70000.0,70500.0,2500694
2025-09-09 10:00:00+09:00,70500.0,70900.0,70400.0,70700.0,2574538
2025-09-09 11:00:00+09:00,70700.0,71000.0,70700.0,70950.0,1232071
2025-09-09 12:00:00+09:00,70900.0,71200.0,70900.0,71000.0,1733894
2025-09-09 13:00:00+09:00,71000.0,71200.0,71000.0,71050.0,1351292
2025-09-09 14:00:00+09:00,71050.0,71500.0,71000.0,71400.0,2280237
2025-09-10 09:00:00+09:00,71800.0,72800.0,71600.0,72300.0,6448434
2025-09-10 10:00:00+09:00,72400.0,72700.0,72400.0,72600.0,3463208
2025-09-10 11:00:00+09:00,72650.0,72700.0,72500.0,72500.0,1778918
2025-09-10 12:00:00+09:00,72600.0,72600.0,72300.0,72400.0,2233504
2025-09-10 13:00:00+09:00,72350.0,72700.0,72300.0,72500.0,2325840
2025-09-10 14:00:00+09:00,72500.0,72800.0,72500.0,72700.0,2727647
2025-09-11 09:00:00+09:00,73200.0,73600.0,72300.0,72500.0,5179129
2025-09-11 10:00:00+09:00,72500.0,72800.0,72100.0,72400.0,1893480
2025-09-11 11:00:00+09:00,72400.0,72600.0,72200.0,72500.0,1304133
2025-09-11 12:00:00+09:00,72500.0,73000.0,72400.0,72800.0,1268515
2025-09-11 13:00:00+09:00,72800.0,73000.0,72700.0,72850.0,2034545
2025-09-11 14:00:00+09:00,72900.0,73000.0,72700.0,72950.0,2057094
2025-09-12 09:00:00+09:00,74600.0,75000.0,74200.0,74900.0,8096688
2025-09-12 10:00:00+09:00,74900.0,75500.0,74800.0,75500.0,6995321
2025-09-12 11:00:00+09:00,75500.0,75600.0,75000.0,75200.0,3420529
2025-09-12 12:00:00+09:00,75150.0,75300.0,74900.0,75000.0,1282179
2025-09-12 13:00:00+09:00,74900.0,75300.0,74900.0,75000.0,2393880
2025-09-12 14:00:00+09:00,75000.0,75200.0,74800.0,75000.0,2232122
2025-09-15 09:00:00+09:00,77200.0,77600.0,76300.0,76500.0,0
2025-09-15 10:00:00+09:00,76600.0,76900.0,75900.0,76600.0,2174975
2025-09-15 11:00:00+09:00,76600.0,76900.0,76500.0,76750.0,1481242
2025-09-15 12:00:00+09:00,76750.0,77000.0,76700.0,77000.0,1074587
2025-09-15 13:00:00+09:00,76900.0,77000.0,76800.0,76850.0,1833295
2025-09-15 14:00:00+09:00,76900.0,77000.0,76700.0,76900.0,1968225
2025-09-16 09:00:00+09:00,77300.0,77400.0,76800.0,77300.0,0
2025-09-16 10:00:00+09:00,77350.0,78000.0,77300.0,77950.0,3552068
2025-09-16 11:00:00+09:00,77900.0,78500.0,77900.0,78300.0,4723056
2025-09-16 12:00:00+09:00,78400.0,78500.0,78200.0,78500.0,2235829
2025-09-16 13:00:00+09:00,78500.0,78600.0,78400.0,78550.0,2264049
2025-09-16 14:00:00+09:00,78700.0,79400.0,78700.0,79400.0,5631810
2025-09-17 09:00:00+09:00,79100.0,79100.0,77500.0,77900.0,6022403
2025-09-17 10:00:00+09:00,77900.0,77900.0,77100.0,77200.0,3371439
2025-09-17 11:00:00+09:00,77300.0,78500.0,77200.0,78400.0,2368115
2025-09-17 12:00:00+09:00,78400.0,79000.0,78000.0,78750.0,2600002
2025-09-17 13:00:00+09:00,78700.0,79000.0,78600.0,78600.0,1571524
2025-09-17 14:00:00+09:00,78700.0,78700.0,78100.0,78200.0,2269985
2025-09-18 09:00:00+09:00,79100.0,79500.0,78600.0,79200.0,5137091
2025-09-18 10:00:00+09:00,79200.0,79800.0,79150.0,79750.0,3028188
2025-09-18 11:00:00+09:00,79700.0,80000.0,79300.0,79950.0,2898681
2025-09-18 12:00:00+09:00,80000.0,80400.0,79800.0,80350.0,4767655
2025-09-18 13:00:00+09:00,80300.0,80500.0,80100.0,80350.0,2530245
2025-09-18 14:00:00+09:00,80350.0,80500.0,80100.0,80200.0,3307748
2025-09-19 09:00:00+09:00,81100.0,81200.0,79600.0,79700.0,6531115
2025-09-19 10:00:00+09:00,79700.0,80000.0,79600.0,79900.0,1706390
2025-09-19 11:00:00+09:00,79800.0,80400.0,79800.0,79900.0,1854886
2025-09-19 12:00:00+09:00,79900.0,80000.0,79800.0,79900.0,936172
2025-09-19 13:00:00+09:00,79900.0,80000.0,79800.0,79950.0,1175542
2025-09-19 14:00:00+09:00,79900.0,80000.0,79800.0,79900.0,1283030
2025-09-22 09:00:00+09:00,81500.0,83200.0,81100.0,83200.0,0
2025-09-22 10:00:00+09:00,83200.0,83900.0,83000.0,83800.0,5336131
2025-09-22 11:00:00+09:00,83800.0,84000.0,83500.0,83800.0,2708474
2025-09-22 12:00:00+09:00,83800.0,84000.0,83700.0,83700.0,2004781
2025-09-22 13:00:00+09:00,83750.0,83800.0,82700.0,83300.0,3171780
2025-09-22 14:00:00+09:00,83200.0,83500.0,83200.0,83400.0,1926613
2025-09-23 09:00:00+09:00,85800.0,85900.0,84100.0,84300.0,7596897
2025-09-23 10:00:00+09:00,84300.0,84500.0,83600.0,83900.0,3680933
2025-09-23 11:00:00+09:00,83950.0,84600.0,83800.0,84450.0,1760748
2025-09-23 12:00:00+09:00,84500.0,85000.0,84400.0,84950.0,1747760
2025-09-23 13:00:00+09:00,84950.0,85300.0,84800.0,85150.0,3166098
2025-09-23 14:00:00+09:00,85150.0,85200.0,84900.0,84900.0,2105090
2025-09-24 09:00:00+09:00,84200.0,85000.0,84100.0,84400.0,4211608
2025-09-24 10:00:00+09:00,84400.0,85000.0,83800.0,84000.0,2808953
2025-09-24 11:00:00+09:00,84000.0,84400.0,83700.0,84050.0,1951455
2025-09-24 12:00:00+09:00,84000.0,84400.0,84000.0,84400.0,800643
2025-09-24 13:00:00+09:00,84300.0,85000.0,84300.0,84950.0,1407888
2025-09-24 14:00:00+09:00,85000.0,85500.0,84800.0,85100.0,2988796
2025-09-25 09:00:00+09:00,84400.0,86200.0,84100.0,86100.0,6416333
2025-09-25 10:00:00+09:00,86000.0,86200.0,85500.0,85600.0,2797821
2025-09-25 11:00:00+09:00,85600.0,86000.0,85500.0,85800.0,1381185
2025-09-25 12:00:00+09:00,85900.0,85900.0,85500.0,85900.0,1737052
2025-09-25 13:00:00+09:00,85850.0,85900.0,85500.0,85550.0,1601845
2025-09-25 14:00:00+09:00,85550.0,85900.0,85400.0,85850.0,1949517
2025-09-26 09:00:00+09:00,85000.0,86100.0,83800.0,84400.0,5913640
2025-09-26 10:00:00+09:00,84400.0,84500.0,83600.0,83600.0,2469282
2025-09-26 11:00:00+09:00,83600.0,83800.0,83000.0,83000.0,3211453
2025-09-26 12:00:00+09:00,83050.0,83200.0,82600.0,83000.0,3048374
2025-09-26 13:00:00+09:00,83000.0,83100.0,82400.0,82500.0,2725416
2025-09-26 14:00:00+09:00,82500.0,83750.0,82400.0,83300.0,3155142
2025-09-29 09:00:00+09:00,83300.0,85000.0,83200.0,84800.0,0
2025-09-29 10:00:00+09:00,84900.0,84900.0,84300.0,84650.0,1657718
2025-09-29 11:00:00+09:00,84650.0,84700.0,84300.0,84700.0,1046874
2025-09-29 12:00:00+09:00,84600.0,84700.0,84100.0,84300.0,1127686
2025-09-29 13:00:00+09:00,84200.0,84500.0,84000.0,84300.0,1274628
2025-09-29 14:00:00+09:00,84400.0,84600.0,84200.0,84500.0,1285853
2025-09-30 09:00:00+09:00,84600.0,84900.0,84100.0,84400.0,0
2025-09-30 10:00:00+09:00,84400.0,84500.0,83700.0,84200.0,1951632
2025-09-30 11:00:00+09:00,84150.0,84200.0,83900.0,84100.0,1056088
2025-09-30 12:00:00+09:00,84100.0,84200.0,83700.0,83900.0,1223065
2025-09-30 13:00:00+09:00,83900.0,83900.0,83400.0,83450.0,1684896
2025-09-30 14:00:00+09:00,83450.0,83800.0,83400.0,83800.0,1188232
2025-10-01 09:00:00+09:00,84900.0,85400.0,84700.0,85000.0,5632114
2025-10-01 10:00:00+09:00,84900.0,86000.0,84800.0,85850.0,4418748
2025-10-01 11:00:00+09:00,85850.0,85900.0,85500.0,85800.0,2023783
2025-10-01 12:00:00+09:00,85800.0,85800.0,85600.0,85700.0,1402546
2025-10-01 13:00:00+09:00,85750.0,86100.0,85700.0,86000.0,3403916
2025-10-01 14:00:00+09:00,85950.0,86100.0,85800.0,85900.0,1988343
2025-10-02 09:00:00+09:00,89300.0,90000.0,88700.0,90000.0,14485653
2025-10-02 10:00:00+09:00,90000.0,90000.0,89600.0,89900.0,6194389
2025-10-02 11:00:00+09:00,90000.0,90300.0,89700.0,89800.0,8092804
2025-10-02 12:00:00+09:00,89850.0,90000.0,89700.0,90000.0,2894633
2025-10-02 13:00:00+09:00,90000.0,90000.0,89400.0,89400.0,4317645
2025-10-02 14:00:00+09:00,89400.0,89900.0,89100.0,89800.0,4169401
2025-10-10 09:00:00+09:00,94000.0,94300.0,92700.0,93850.0,0
2025-10-10 10:00:00+09:00,93850.0,94400.0,93700.0,93800.0,4220972
2025-10-10 11:00:00+09:00,93800.0,94000.0,93000.0,93900.0,3441010
2025-10-10 12:00:00+09:00,93800.0,94000.0,93500.0,94000.0,2107525
2025-10-10 13:00:00+09:00,94000.0,94000.0,93700.0,93900.0,2288820
2025-10-10 14:00:00+09:00,93900.0,94200.0,93800.0,94100.0,3242829
2025-10-13 09:00:00+09:00,91300.0,92600.0,90700.0,92550.0,0
2025-10-13 10:00:00+09:00,92500.0,92900.0,92200.0,92500.0,3145574
2025-10-13 11:00:00+09:00,92500.0,92600.0,91600.0,91800.0,2322866
2025-10-13 12:00:00+09:00,91700.0,92000.0,91300.0,91300.0,1823691
2025-10-13 13:00:00+09:00,91400.0,91600.0,91100.0,91550.0,2162219
2025-10-13 14:00:00+09:00,91600.0,92600.0,91400.0,92600.0,2481269
2025-10-14 09:00:00+09:00,95300.0,96000.0,93700.0,93800.0,11398014
2025-10-14 10:00:00+09:00,93850.0,94500.0,92800.0,93700.0,5374249
2025-10-14 11:00:00+09:00,93700.0,93700.0,92600.0,92900.0,2579374
2025-10-14 12:00:00+09:00,92850.0,93000.0,92100.0,92200.0,3110191
2025-10-14 13:00:00+09:00,92300.0,92300.0,90200.0,91500.0,6828332
2025-10-14 14:00:00+09:00,91500.0,92200.0,91100.0,91400.0,3350921
2025-10-15 09:00:00+09:00,92300.0,93700.0,92100.0,93100.0,5036544
2025-10-15 10:00:00+09:00,93100.0,93400.0,92800.0,93100.0,2161588
2025-10-15 11:00:00+09:00,93100.0,93900.0,92900.0,93800.0,2326546
2025-10-15 12:00:00+09:00,93800.0,94600.0,93700.0,94550.0,2005283
2025-10-15 13:00:00+09:00,94600.0,94800.0,94200.0,94750.0,2070565
2025-10-15 14:00:00+09:00,94800.0,95300.0,94700.0,95200.0,3927079
2025-10-16 09:00:00+09:00,95300.0,97000.0,95000.0,97000.0,8300130
2025-10-16 10:00:00+09:00,96900.0,97400.0,96700.0,97300.0,3960746
2025-10-16 11:00:00+09:00,97200.0,97600.0,97100.0,97400.0,3050499
2025-10-16 12:00:00+09:00,97400.0,97600.0,97100.0,97500.0,2143632
2025-10-16 13:00:00+09:00,97500.0,97700.0,97000.0,97000.0,2342871
2025-10-16 14:00:00+09:00,97000.0,97500.0,96900.0,96900.0,2716563
2025-10-17 09:00:00+09:00,97200.0,98000.0,96700.0,97400.0,6271615
2025-10-17 10:00:00+09:00,97400.0,99100.0,97300.0,98600.0,4637549
2025-10-17 11:00:00+09:00,98700.0,98800.0,97300.0,97500.0,3142092
2025-10-17 12:00:00+09:00,97500.0,98300.0,97400.0,97750.0,1560294
2025-10-17 13:00:00+09:00,97700.0,98300.0,97700.0,98250.0,1620755
2025-10-17 14:00:00+09:00,98200.0,98300.0,97700.0,97700.0,2397001
2025-10-20 09:00:00+09:00,97900.0,98300.0,96000.0,97500.0,0
2025-10-20 10:00:00+09:00,97600.0,97700.0,96900.0,97300.0,1860247
2025-10-20 11:00:00+09:00,97400.0,98100.0,97300.0,97800.0,1893625
2025-10-20 12:00:00+09:00,97800.0,98200.0,97700.0,98000.0,1502138
2025-10-20 13:00:00+09:00,98000.0,98200.0,97300.0,97600.0,1596870
2025-10-20 14:00:00+09:00,97650.0,98000.0,97500.0,97800.0,1807551
2025-10-21 09:00:00+09:00,98500.0,99800.0,98400.0,99500.0,6739489
2025-10-21 10:00:00+09:00,99600.0,99900.0,99300.0,99700.0,3715741
2025-10-21 11:00:00+09:00,99800.0,99800.0,98400.0,98400.0,3117622
2025-10-21 12:00:00+09:00,98450.0,99000.0,98000.0,98300.0,2320140
2025-10-21 13:00:00+09:00,98350.0,98500.0,97700.0,98000.0,2693586
2025-10-21 14:00:00+09:00,98000.0,98200.0,97300.0,97500.0,2482441
2025-10-22 09:00:00+09:00,97100.0,97100.0,95700.0,95800.0,4788086
2025-10-22 10:00:00+09:00,95800.0,97000.0,95500.0,96700.0,2412781
2025-10-22 11:00:00+09:00,96800.0,97200.0,96600.0,97000.0,1407522
2025-10-22 12:00:00+09:00,96900.0,97000.0,96500.0,96850.0,1039501
2025-10-22 13:00:00+09:00,96850.0,98000.0,96800.0,97900.0,1978585
2025-10-22 14:00:00+09:00,97900.0,98000.0,97700.0,97900.0,1549937
2025-10-23 09:00:00+09:00,96800.0,97300.0,96300.0,97200.0,4542421
2025-10-23 10:00:00+09:00,97200.0,98200.0,97000.0,97950.0,3216918
2025-10-23 11:00:00+09:00,97950.0,98500.0,97700.0,98200.0,2452191
2025-10-23 12:00:00+09:00,98200.0,98400.0,97000.0,97250.0,2074712
2025-10-23 13:00:00+09:00,97250.0,97300.0,96500.0,96750.0,2241137
2025-10-23 14:00:00+09:00,96700.0,97000.0,96500.0,97000.0,1698388
2025-10-24 09:00:00+09:00,97900.0,98400.0,97700.0,97950.0,4658107
2025-10-24 10:00:00+09:00,97950.0,98700.0,97800.0,98600.0,3880943
2025-10-24 11:00:00+09:00,98600.0,99000.0,98500.0,98800.0,2129281
2025-10-24 12:00:00+09:00,98800.0,99000.0,98700.0,98900.0,1391992
2025-10-24 13:00:00+09:00,98900.0,99000.0,98600.0,98900.0,2135540
2025-10-24 14:00:00+09:00,98950.0,99000.0,98700.0,98800.0,2033818
2025-10-27 09:00:00+09:00,101300.0,101900.0,100600.0,101500.0,0
2025-10-27 10:00:00+09:00,101500.0,101800.0,100600.0,101700.0,4076257
2025-10-27 11:00:00+09:00,101700.0,101900.0,101600.0,101700.0,2283165
2025-10-27 12:00:00+09:00,101800.0,101800.0,101500.0,101600.0,1237732
2025-10-27 13:00:00+09:00,101500.0,101800.0,101300.0,101600.0,1732514
2025-10-27 14:00:00+09:00,101500.0,101900.0,101500.0,101700.0,1817368
2025-10-28 09:00:00+09:00,100900.0,101000.0,99500.0,99600.0,6994438
2025-10-28 10:00:00+09:00,99700.0,100000.0,99200.0,99900.0,3227253
2025-10-28 11:00:00+09:00,100000.0,100100.0,99500.0,99900.0,1774324
2025-10-28 12:00:00+09:00,99900.0,100000.0,99600.0,99800.0,1221702
2025-10-28 13:00:00+09:00,99700.0,99800.0,99500.0,99600.0,1704361
2025-10-28 14:00:00+09:00,99500.0,99600.0,99100.0,99500.0,2425468
2025-10-29 09:00:00+09:00,100200.0,100600.0,99100.0,99400.0,5787795
2025-10-29 10:00:00+09:00,99350.0,100800.0,99300.0,100700.0,3339376
2025-10-29 11:00:00+09:00,100700.0,101000.0,100200.0,100400.0,2475160
2025-10-29 12:00:00+09:00,100400.0,100500.0,100100.0,100200.0,1632251
2025-10-29 13:00:00+09:00,100300.0,100300.0,99600.0,99700.0,2366674
2025-10-29 14:00:00+09:00,99800.0,100200.0,99600.0,100000.0,2234243
2025-10-30 09:00:00+09:00,102400.0,105800.0,102000.0,104700.0,14369668
2025-10-30 10:00:00+09:00,104600.0,104700.0,102800.0,104500.0,5301088
2025-10-30 11:00:00+09:00,104500.0,105000.0,104000.0,104350.0,3337244
2025-10-30 12:00:00+09:00,104400.0,104800.0,104100.0,104500.0,1865432
2025-10-30 13:00:00+09:00,104500.0,104500.0,102900.0,103600.0,3836028
2025-10-30 14:00:00+09:00,103650.0,104500.0,103200.0,104400.0,2493449
2025-10-31 09:00:00+09:00,105000.0,105500.0,103300.0,104700.0,9536375
2025-10-31 10:00:00+09:00,104700.0,105200.0,103900.0,105150.0,3741795
2025-10-31 11:00:00+09:00,105150.0,105600.0,105000.0,105000.0,3262458
2025-10-31 12:00:00+09:00,105000.0,105400.0,104800.0,105300.0,1818976
2025-10-31 13:00:00+09:00,105300.0,106800.0,105100.0,106400.0,3651104
2025-10-31 14:00:00+09:00,106400.0,107000.0,106100.0,106400.0,4542016
2025-11-03 09:00:00+09:00,106900.0,108700.0,106500.0,108200.0,0
2025-11-03 10:00:00+09:00,108300.0,109900.0,108200.0,109500.0,3990654
2025-11-03 11:00:00+09:00,109500.0,110600.0,109200.0,110600.0,3948379
2025-11-03 12:00:00+09:00,110600.0,111500.0,110000.0,110800.0,4167157
2025-11-03 13:00:00+09:00,110800.0,111000.0,109600.0,111000.0,3235724
2025-11-03 14:00:00+09:00,110900.0,111100.0,110500.0,110900.0,2616274
2025-11-04 09:00:00+09:00,111800.0,112400.0,108600.0,109700.0,8838388
2025-11-04 10:00:00+09:00,109700.0,109800.0,108400.0,108800.0,3660402
2025-11-04 11:00:00+09:00,108900.0,108900.0,106800.0,106900.0,3678435
2025-11-04 12:00:00+09:00,106800.0,108000.0,106700.0,107200.0,2691381
2025-11-04 13:00:00+09:00,107200.0,107500.0,106700.0,107050.0,2540603
2025-11-04 14:00:00+09:00,107100.0,107200.0,105100.0,105500.0,5322894
2025-11-05 09:00:00+09:00,101000.0,101700.0,99000.0,99600.0,14898171
2025-11-05 10:00:00+09:00,99600.0,99700.0,96700.0,98300.0,10154732
2025-11-05 11:00:00+09:00,98400.0,100200.0,98100.0,100100.0,4765497
2025-11-05 12:00:00+09:00,100100.0,102000.0,99600.0,101600.0,5375572
2025-11-05 13:00:00+09:00,101600.0,101600.0,99700.0,99900.0,3370708
2025-11-05 14:00:00+09:00,100000.0,101000.0,99900.0,100100.0,2992154
2025-11-06 09:00:00+09:00,103700.0,103800.0,100000.0,100400.0,8680864
2025-11-06 10:00:00+09:00,100500.0,100500.0,98800.0,99900.0,4700821
2025-11-06 11:00:00+09:00,99900.0,100750.0,99200.0,100600.0,2422652
2025-11-06 12:00:00+09:00,100550.0,100800.0,100100.0,100150.0,2430790
2025-11-06 13:00:00+09:00,100200.0,100300.0,99800.0,100200.0,3255952
2025-11-06 14:00:00+09:00,100100.0,100500.0,99500.0,99600.0,3079461
2025-11-07 09:00:00+09:00,96400.0,100300.0,96300.0,99300.0,8642928
2025-11-07 10:00:00+09:00,99300.0,99400.0,98000.0,98500.0,2654470
2025-11-07 11:00:00+09:00,98400.0,98500.0,97100.0,97600.0,2355360
2025-11-07 12:00:00+09:00,97600.0,97800.0,96600.0,97000.0,2100232
2025-11-07 13:00:00+09:00,97000.0,97400.0,96300.0,96600.0,2810220
2025-11-07 14:00:00+09:00,96700.0,98100.0,96600.0,98050.0,2362076
2025-11-10 09:00:00+09:00,98600.0,99500.0,97900.0,98500.0,0
2025-11-10 10:00:00+09:00,98500.0,100200.0,98400.0,100100.0,4943498
2025-11-10 11:00:00+09:00,100200.0,100400.0,99700.0,99900.0,2553344
2025-11-10 12:00:00+09:00,99900.0,100300.0,99700.0,100000.0,2050140
2025-11-10 13:00:00+09:00,99900.0,100400.0,99900.0,100300.0,1669342
2025-11-10 14:00:00+09:00,100300.0,101000.0,100200.0,100800.0,3435425
2025-11-11 09:00:00+09:00,103700.0,106000.0,102800.0,105800.0,10248399
2025-11-11 10:00:00+09:00,105800.0,106000.0,105000.0,105300.0,4417272
2025-11-11 11:00:00+09:00,105200.0,105300.0,103700.0,104500.0,2990812
2025-11-11 12:00:00+09:00,104500.0,104600.0,103600.0,104300.0,1917862
2025-11-11 13:00:00+09:00,104300.0,104300.0,102600.0,102700.0,2786947
2025-11-11 14:00:00+09:00,102700.0,103400.0,102000.0,102700.0,3152548
2025-11-12 09:00:00+09:00,103000.0,103700.0,101600.0,102200.0,7148667
2025-11-12 10:00:00+09:00,102200.0,103200.0,101900.0,102900.0,2547209
2025-11-12 11:00:00+09:00,102900.0,103900.0,102800.0,103100.0,2586547
2025-11-12 12:00:00+09:00,103100.0,103900.0,102900.0,103900.0,1678123
2025-11-12 13:00:00+09:00,103900.0,103900.0,103100.0,103400.0,1654965
2025-11-12 14:00:00+09:00,103300.0,103700.0,103100.0,103200.0,1785528
2025-11-13 10:00:00+09:00,102500.0,104200.0,102400.0,103300.0,4737463
2025-11-13 11:00:00+09:00,103200.0,103300.0,102400.0,102600.0,1613011
2025-11-13 12:00:00+09:00,102500.0,103000.0,102400.0,102700.0,1030035
2025-11-13 13:00:00+09:00,102600.0,103200.0,102300.0,103000.0,2046270
2025-11-13 14:00:00+09:00,103100.0,103600.0,102900.0,103100.0,1593417
2025-11-14 09:00:00+09:00,99000.0,99600.0,98600.0,98700.0,6502658
2025-11-14 10:00:00+09:00,98800.0,99200.0,98500.0,98700.0,2518108
2025-11-14 11:00:00+09:00,98700.0,99000.0,98600.0,98800.0,1497395
2025-11-14 12:00:00+09:00,98800.0,99300.0,98700.0,99100.0,1467412
2025-11-14 13:00:00+09:00,99100.0,99200.0,98100.0,98200.0,3098232
2025-11-14 14:00:00+09:00,98150.0,98400.0,97600.0,98000.0,3591612
2025-11-17 09:00:00+09:00,99800.0,101000.0,99500.0,100400.0,0
2025-11-17 10:00:00+09:00,100300.0,100600.0,99700.0,100200.0,2265254
2025-11-17 11:00:00+09:00,100200.0,100600.0,99800.0,100100.0,1450384
2025-11-17 12:00:00+09:00,100100.0,100300.0,99600.0,100100.0,1094357
2025-11-17 13:00:00+09:00,100200.0,100500.0,100100.0,100300.0,1666306
2025-11-17 14:00:00+09:00,100350.0,100700.0,100300.0,100300.0,1978239
2025-11-18 09:00:00+09:00,99800.0,100900.0,99100.0,99300.0,4935370
2025-11-18 10:00:00+09:00,99200.0,99900.0,99000.0,99100.0,1995850
2025-11-18 11:00:00+09:00,99000.0,99100.0,98600.0,98800.0,1669700
2025-11-18 12:00:00+09:00,98800.0,98800.0,98100.0,98400.0,2393798
2025-11-18 13:00:00+09:00,98400.0,98400.0,97500.0,97700.0,2798465
2025-11-18 14:00:00+09:00,97800.0,98000.0,97500.0,97700.0,2159326
2025-11-19 09:00:00+09:00,97100.0,97400.0,94600.0,95900.0,6644739
2025-11-19 10:00:00+09:00,95800.0,97000.0,95700.0,96900.0,2493988
2025-11-19 11:00:00+09:00,97000.0,97500.0,96500.0,97200.0,1734062
2025-11-19 12:00:00+09:00,97100.0,97300.0,96000.0,96200.0,1571990
2025-11-19 13:00:00+09:00,96100.0,96900.0,96000.0,96500.0,1541522
2025-11-19 14:00:00+09:00,96400.0,96800.0,95900.0,96100.0,1705402
2025-11-20 09:00:00+09:00,100900.0,101100.0,99500.0,99900.0,6578115
2025-11-20 10:00:00+09:00,99850.0,101000.0,99700.0,100800.0,3001271
2025-11-20 11:00:00+09:00,100800.0,101600.0,100700.0,101400.0,2737234
2025-11-20 12:00:00+09:00,101400.0,102900.0,101300.0,102500.0,3606046
2025-11-20 13:00:00+09:00,102500.0,102800.0,102100.0,102550.0,2628359
2025-11-20 14:00:00+09:00,102550.0,102600.0,101100.0,101600.0,3682317
2025-11-21 09:00:00+09:00,95600.0,96800.0,95400.0,96000.0,7480095
2025-11-21 10:00:00+09:00,96000.0,96300.0,95100.0,95600.0,3785270
2025-11-21 11:00:00+09:00,95600.0,95600.0,94600.0,94600.0,3291498
2025-11-21 12:00:00+09:00,94700.0,95300.0,94500.0,95000.0,1884340
2025-11-21 13:00:00+09:00,95000.0,95200.0,94500.0,95000.0,2122786
2025-11-21 14:00:00+09:00,94900.0,95400.0,94900.0,95300.0,1673850
